gameweek,season,name,deadline_time,average_score,highest_score,highest_scoring_entry,finished,data_checked,is_previous,is_current,is_next,cup_leagues_created,h2h_ko_matches_created,can_enter,can_manage,released,ranked_count,transfers_made,most_selected,most_transferred_in,top_element,top_element_info
1,2122,Gameweek 1,2021-08-14 11:30:00,,,,t,t,f,f,f,f,f,f,f,f,,,,,,
2,2122,Gameweek 2,2021-08-22 13:00:00,,,,t,t,f,f,f,f,f,f,f,f,,,,,,
3,2122,Gameweek 3,2021-08-29 15:30:00,,,,t,t,f,f,f,f,f,f,f,f,,,,,,
4,2122,Gameweek 4,2021-09-11 14:00:00,,,,t,t,f,f,f,f,f,f,f,f,,,,,,
5,2122,Gameweek 5,2021-09-19 13:00:00,,,,t,t,f,f,f,f,f,f,f,f,,,,,,
6,2122,Gameweek 6,2021-09-25 11:30:00,,,,t,t,f,f,f,f,f,f,f,f,,,,,,
7,2122,Gameweek 7,2021-10-02 11:30:00,,,,t,t,f,f,f,f,f,f,f,f,,,,,,
8,2122,Gameweek 8,2021-10-16 14:00:00,,,,t,t,f,f,f,f,f,f,f,f,,,,,,
9,2122,Gameweek 9,2021-10-24 15:30:00,,,,t,t,f,f,f,f,f,f,f,f,,,,,,
10,2122,Gameweek 10,2021-10-30 16:30:00,,,,t,t,f,f,f,f,f,f,f,f,,,,,,
11,2122,Gameweek 11,2021-11-06 12:30:00,,,,t,t,f,f,f,f,f,f,f,f,,,,,,
12,2122,Gameweek 12,2021-11-20 15:00:00,,,,t,t,f,f,f,f,f,f,f,f,,,,,,
13,2122,Gameweek 13,2021-11-28 16:30:00,,,,t,t,f,f,f,f,f,f,f,f,,,,,,
14,2122,Gameweek 14,2021-12-02 20:15:00,,,,t,t,f,f,f,f,f,f,f,f,,,,,,
15,2122,Gameweek 15,2021-12-05 14:00:00,,,,t,t,f,f,f,f,f,f,f,f,,,,,,
16,2122,Gameweek 16,2021-12-11 17:30:00,,,,t,t,f,f,f,f,f,f,f,f,,,,,,
17,2122,Gameweek 17,2021-12-14 19:45:00,,,,t,t,f,f,f,f,f,f,f,f,,,,,,
18,2122,Gameweek 18,2021-12-19 16:30:00,,,,t,t,f,f,f,f,f,f,f,f,,,,,,
19,2122,Gameweek 19,2021-12-27 20:00:00,,,,t,t,f,f,f,f,f,f,f,f,,,,,,
20,2122,Gameweek 20,2021-12-30 20:15:00,,,,t,t,f,f,f,f,f,f,f,f,,,,,,
21,2122,Gameweek 21,2022-01-01 15:00:00,,,,t,t,f,f,f,f,f,f,f,f,,,,,,
22,2122,Gameweek 22,2022-01-15 15:00:00,,,,t,t,f,f,f,f,f,f,f,f,,,,,,
23,2122,Gameweek 23,2022-01-22 15:00:00,,,,t,t,f,f,f,f,f,f,f,f,,,,,,
24,2122,Gameweek 24,2022-02-08 20:00:00,,,,t,t,f,f,f,f,f,f,f,f,,,,,,
25,2122,Gameweek 25,2022-02-12 12:30:00,,,,t,t,f,f,f,f,f,f,f,f,,,,,,
26,2122,Gameweek 26,2022-02-20 14:00:00,,,,t,t,f,f,f,f,f,f,f,f,,,,,,
27,2122,Gameweek 27,2022-02-26 15:00:00,,,,t,t,f,f,f,f,f,f,f,f,,,,,,
28,2122,Gameweek 28,2022-03-06 16:30:00,,,,t,t,f,f,f,f,f,f,f,f,,,,,,
29,2122,Gameweek 29,2022-03-12 17:30:00,,,,t,t,f,f,f,f,f,f,f,f,,,,,,
30,2122,Gameweek 30,2022-03-19 12:30:00,,,,t,t,f,f,f,f,f,f,f,f,,,,,,
31,2122,Gameweek 31,2022-04-02 11:30:00,,,,t,t,f,f,f,f,f,f,f,f,,,,,,
32,2122,Gameweek 32,2022-04-09 14:00:00,,,,t,t,f,f,f,f,f,f,f,f,,,,,,
33,2122,Gameweek 33,2022-04-16 14:00:00,,,,t,t,f,f,f,f,f,f,f,f,,,,,,
34,2122,Gameweek 34,2022-04-23 14:00:00,,,,t,t,f,f,f,f,f,f,f,f,,,,,,
35,2122,Gameweek 35,2022-04-30 14:00:00,,,,t,t,f,f,f,f,f,f,f,f,,,,,,
36,2122,Gameweek 36,2022-05-07 16:30:00,,,,t,t,f,f,f,f,f,f,f,f,,,,,,
37,2122,Gameweek 37,2022-05-16 19:00:00,,,,t,t,f,f,f,f,f,f,f,f,,,,,,
38,2122,Gameweek 38,2022-05-22 15:00:00,,,,t,t,f,f,f,f,f,f,f,f,,,,,,
1,2223,Gameweek 1,2022-08-06 14:00:00,,,,t,t,f,f,f,f,f,f,f,f,,,,,,
2,2223,Gameweek 2,2022-08-13 14:00:00,,,,t,t,f,f,f,f,f,f,f,f,,,,,,
3,2223,Gameweek 3,2022-08-20 14:00:00,,,,t,t,f,f,f,f,f,f,f,f,,,,,,
4,2223,Gameweek 4,2022-08-27 11:30:00,,,,t,t,f,f,f,f,f,f,f,f,,,,,,
5,2223,Gameweek 5,2022-08-30 18:45:00,,,,t,t,f,f,f,f,f,f,f,f,,,,,,
6,2223,Gameweek 6,2022-09-03 14:00:00,,,,t,t,f,f,f,f,f,f,f,f,,,,,,
8,2223,Gameweek 8,2022-09-16 19:00:00,,,,t,t,f,f,f,f,f,f,f,f,,,,,,
9,2223,Gameweek 9,2022-10-01 14:00:00,,,,t,t,f,f,f,f,f,f,f,f,,,,,,
10,2223,Gameweek 10,2022-10-08 14:00:00,,,,t,t,f,f,f,f,f,f,f,f,,,,,,
11,2223,Gameweek 11,2022-10-16 13:00:00,,,,t,t,f,f,f,f,f,f,f,f,,,,,,
12,2223,Gameweek 12,2022-10-19 18:30:00,,,,t,t,f,f,f,f,f,f,f,f,,,,,,
13,2223,Gameweek 13,2022-10-23 13:00:00,,,,t,t,f,f,f,f,f,f,f,f,,,,,,
14,2223,Gameweek 14,2022-10-29 14:00:00,,,,t,t,f,f,f,f,f,f,f,f,,,,,,
15,2223,Gameweek 15,2022-11-06 14:00:00,,,,t,t,f,f,f,f,f,f,f,f,,,,,,
16,2223,Gameweek 16,2022-11-12 15:00:00,,,,t,t,f,f,f,f,f,f,f,f,,,,,,
20,2324,Gameweek 20,2023-12-30 15:00:00,,,,t,t,f,f,f,f,f,f,f,f,,,,,,
21,2324,Gameweek 21,2024-01-21 14:00:00,,,,t,t,f,f,f,f,f,f,f,f,,,,,,
22,2324,Gameweek 22,2024-01-30 20:00:00,,,,t,t,f,f,f,f,f,f,f,f,,,,,,
23,2324,Gameweek 23,2024-02-03 17:30:00,,,,t,t,f,f,f,f,f,f,f,f,,,,,,
24,2324,Gameweek 24,2024-02-10 15:00:00,,,,t,t,f,f,f,f,f,f,f,f,,,,,,
25,2324,Gameweek 25,2024-02-18 14:00:00,,,,t,t,f,f,f,f,f,f,f,f,,,,,,
26,2324,Gameweek 26,2024-02-25 13:30:00,,,,t,t,f,f,f,f,f,f,f,f,,,,,,
27,2324,Gameweek 27,2024-03-04 20:00:00,,,,t,t,f,f,f,f,f,f,f,f,,,,,,
28,2324,Gameweek 28,2024-03-09 15:00:00,,,,t,t,f,f,f,f,f,f,f,f,,,,,,
29,2324,Gameweek 29,2024-03-16 15:00:00,,,,t,t,f,f,f,f,f,f,f,f,,,,,,
30,2324,Gameweek 30,2024-03-30 15:00:00,,,,t,t,f,f,f,f,f,f,f,f,,,,,,
31,2324,Gameweek 31,2024-04-04 18:30:00,,,,t,t,f,f,f,f,f,f,f,f,,,,,,
32,2324,Gameweek 32,2024-04-07 16:30:00,,,,t,t,f,f,f,f,f,f,f,f,,,,,,
33,2324,Gameweek 33,2024-04-13 14:00:00,,,,t,t,f,f,f,f,f,f,f,f,,,,,,
34,2324,Gameweek 34,2024-04-20 14:00:00,,,,t,t,f,f,f,f,f,f,f,f,,,,,,
13,2025/26,Gameweek 13,2025-11-29 13:30:00,35,123,12500352,t,t,f,f,f,t,t,f,f,t,12444059,16415537,,,684,"{'id': 684, 'points': 16}"
14,2025/26,Gameweek 14,2025-12-02 18:00:00,58,138,9285305,t,t,f,f,f,t,t,f,f,t,12472152,9442288,,,414,"{'id': 414, 'points': 17}"
15,2025/26,Gameweek 15,2025-12-06 11:00:00,49,133,6050277,t,t,f,f,f,t,t,f,f,t,12502403,11765293,,,449,"{'id': 449, 'points': 18}"
16,2025/26,Gameweek 16,2025-12-13 13:30:00,60,149,3781937,t,t,f,f,f,t,t,f,f,t,12544438,24497356,,,516,"{'id': 516, 'points': 19}"
17,2025/26,Gameweek 17,2025-12-20 11:00:00,66,148,6887913,t,t,f,f,f,t,t,f,f,t,12584041,16356600,,,107,"{'id': 107, 'points': 21}"
18,2025/26,Gameweek 18,2025-12-26 18:30:00,44,118,3080196,t,t,f,f,f,t,t,f,f,t,12620812,16835174,,,120,"{'id': 120, 'points': 20}"
19,2025/26,Gameweek 19,2025-12-30 18:00:00,40,112,6796894,t,t,f,f,f,t,t,f,f,t,12646658,15084299,,,303,"{'id': 303, 'points': 16}"
20,2025/26,Gameweek 20,2026-01-03 11:00:00,42,117,7324049,t,t,f,f,f,t,t,f,f,t,12668861,10282852,,,136,"{'id': 136, 'points': 17}"
21,2025/26,Gameweek 21,2026-01-06 18:30:00,48,118,1967626,t,t,f,f,f,t,t,f,f,t,12691406,10609899,,,487,"{'id': 487, 'points': 15}"
22,2025/26,Gameweek 22,2026-01-17 11:00:00,40,111,12542399,t,t,f,f,f,t,t,f,f,t,12727093,12244354,,,441,"{'id': 441, 'points': 15}"
23,2025/26,Gameweek 23,2026-01-24 11:00:00,44,115,943181,t,t,f,f,f,t,t,f,f,t,12748731,8986548,,,387,"{'id': 387, 'points': 13}"
24,2025/26,Gameweek 24,2026-01-31 13:30:00,55,126,2348034,t,t,f,f,f,t,t,f,f,t,12773603,14084799,,,18,"{'id': 18, 'points': 14}"
25,2025/26,Gameweek 25,2026-02-06 18:30:00,58,147,510899,t,t,f,f,f,t,t,f,f,t,12799155,10565045,,,235,"{'id': 235, 'points': 20}"
26,2025/26,Gameweek 26,2026-02-10 18:00:00,58,138,439887,t,t,f,f,f,t,t,f,f,t,12819444,10933870,,,373,"{'id': 373, 'points': 17}"
27,2025/26,Gameweek 27,2026-02-21 13:30:00,45,117,11253480,t,t,f,f,f,t,t,f,f,t,12846334,8668376,,,411,"{'id': 411, 'points': 17}"
28,2025/26,Gameweek 28,2026-02-27 18:30:00,53,125,9830298,t,t,f,f,f,t,t,f,f,t,12862786,8235195,,,121,"{'id': 121, 'points': 18}"
29,2025/26,Gameweek 29,2026-03-03 18:00:00,54,143,4150549,t,t,f,f,f,t,t,f,f,t,12878906,8012299,,,249,"{'id': 249, 'points': 19}"
30,2025/26,Gameweek 30,2026-03-14 13:30:00,43,110,11679396,t,t,f,f,f,t,t,f,f,t,12901883,7392015,,,55,"{'id': 55, 'points': 12}"
31,2025/26,Gameweek 31,2026-03-20 18:30:00,38,109,8715367,t,t,f,f,f,t,t,f,f,t,12914049,19361841,,,311,"{'id': 311, 'points': 16}"
32,2025/26,Gameweek 32,2026-04-10 17:30:00,46,132,13046216,t,t,f,f,f,t,t,f,f,t,12939182,11209415,,,606,"{'id': 606, 'points': 21}"
33,2025/26,Gameweek 33,2026-04-18 10:00:00,66,177,7284485,t,t,f,f,f,t,t,f,f,t,12949113,16755835,,,515,"{'id': 515, 'points': 20}"
34,2025/26,Gameweek 34,2026-04-24 17:30:00,36,114,867817,t,t,f,f,f,t,t,f,f,t,12958359,24247093,,,526,"{'id': 526, 'points': 14}"
35,2025/26,Gameweek 35,2026-05-01 17:30:00,50,129,2670562,t,t,f,f,f,t,t,f,f,t,12967903,8319244,,,527,"{'id': 527, 'points': 16}"
36,2025/26,Gameweek 36,2026-05-09 10:00:00,65,145,436924,t,t,f,f,f,t,t,f,f,t,12976450,9092077,,,145,"{'id': 145, 'points': 15}"
37,2025/26,Gameweek 37,2026-05-15 17:30:00,53,131,7322572,t,t,t,f,f,t,t,f,f,t,12983775,6365648,,,64,"{'id': 64, 'points': 15}"
1,2025/26,Gameweek 1,2025-08-15 17:30:00,54,127,3772644,t,t,f,f,f,f,f,f,f,t,9469118,0,,,531,"{'id': 531, 'points': 17}"
2,2025/26,Gameweek 2,2025-08-22 17:30:00,51,140,2963810,t,t,f,f,f,t,t,f,f,t,10752422,18178809,,,8,"{'id': 8, 'points': 24}"
3,2025/26,Gameweek 3,2025-08-30 10:00:00,48,118,4374360,t,t,f,f,f,t,t,f,f,t,11304791,27802596,,,260,"{'id': 260, 'points': 15}"
4,2025/26,Gameweek 4,2025-09-13 10:00:00,63,139,7997042,t,t,f,f,f,t,t,f,f,t,11641518,27408255,,,26,"{'id': 26, 'points': 16}"
5,2025/26,Gameweek 5,2025-09-20 10:00:00,42,112,9985225,t,t,f,f,f,t,t,f,f,t,11803614,16533109,,,660,"{'id': 660, 'points': 15}"
6,2025/26,Gameweek 6,2025-09-27 10:00:00,46,124,11887643,t,t,f,f,f,t,t,f,f,t,11930431,22147208,,,683,"{'id': 683, 'points': 17}"
7,2025/26,Gameweek 7,2025-10-03 17:30:00,60,135,5563383,t,t,f,f,f,t,t,f,f,t,12032746,16350776,,,82,"{'id': 82, 'points': 18}"
8,2025/26,Gameweek 8,2025-10-18 10:00:00,56,138,7646584,t,t,f,f,f,t,t,f,f,t,12155114,16106510,,,225,"{'id': 225, 'points': 18}"
9,2025/26,Gameweek 9,2025-10-24 17:30:00,46,124,956028,t,t,f,f,f,t,t,f,f,t,12213493,12369350,,,575,"{'id': 575, 'points': 23}"
10,2025/26,Gameweek 10,2025-11-01 13:30:00,65,135,6474767,t,t,f,f,f,t,t,f,f,t,12281789,14380415,,,169,"{'id': 169, 'points': 16}"
11,2025/26,Gameweek 11,2025-11-08 11:00:00,38,120,12376400,t,t,f,f,f,t,t,f,f,t,12338890,10882725,,,228,"{'id': 228, 'points': 15}"
12,2025/26,Gameweek 12,2025-11-22 11:00:00,39,134,480852,t,t,f,f,f,t,t,f,f,t,12405243,13914718,,,266,"{'id': 266, 'points': 20}"
38,2025/26,Gameweek 38,2026-05-24 13:30:00,41,117,1457502,t,t,f,t,f,t,t,f,f,t,12991567,8603009,,,441,"{'id': 441, 'points': 18}"
17,2223,Gameweek 17,2022-12-26 15:00:00,,,,t,t,f,f,f,f,f,f,f,f,,,,,,
18,2223,Gameweek 18,2022-12-31 15:00:00,,,,t,t,f,f,f,f,f,f,f,f,,,,,,
19,2223,Gameweek 19,2023-01-04 19:30:00,,,,t,t,f,f,f,f,f,f,f,f,,,,,,
20,2223,Gameweek 20,2023-01-14 15:00:00,,,,t,t,f,f,f,f,f,f,f,f,,,,,,
21,2223,Gameweek 21,2023-01-21 15:00:00,,,,t,t,f,f,f,f,f,f,f,f,,,,,,
22,2223,Gameweek 22,2023-02-04 15:00:00,,,,t,t,f,f,f,f,f,f,f,f,,,,,,
23,2223,Gameweek 23,2023-02-11 15:00:00,,,,t,t,f,f,f,f,f,f,f,f,,,,,,
24,2223,Gameweek 24,2023-02-18 15:00:00,,,,t,t,f,f,f,f,f,f,f,f,,,,,,
25,2223,Gameweek 25,2023-02-25 15:00:00,,,,t,t,f,f,f,f,f,f,f,f,,,,,,
26,2223,Gameweek 26,2023-03-04 17:30:00,,,,t,t,f,f,f,f,f,f,f,f,,,,,,
27,2223,Gameweek 27,2023-03-12 14:00:00,,,,t,t,f,f,f,f,f,f,f,f,,,,,,
28,2223,Gameweek 28,2023-03-18 15:00:00,,,,t,t,f,f,f,f,f,f,f,f,,,,,,
29,2223,Gameweek 29,2023-04-02 13:00:00,,,,t,t,f,f,f,f,f,f,f,f,,,,,,
30,2223,Gameweek 30,2023-04-08 16:30:00,,,,t,t,f,f,f,f,f,f,f,f,,,,,,
31,2223,Gameweek 31,2023-04-15 14:00:00,,,,t,t,f,f,f,f,f,f,f,f,,,,,,
32,2223,Gameweek 32,2023-04-21 19:00:00,,,,t,t,f,f,f,f,f,f,f,f,,,,,,
33,2223,Gameweek 33,2023-04-27 18:45:00,,,,t,t,f,f,f,f,f,f,f,f,,,,,,
34,2223,Gameweek 34,2023-04-30 13:00:00,,,,t,t,f,f,f,f,f,f,f,f,,,,,,
35,2223,Gameweek 35,2023-05-08 19:00:00,,,,t,t,f,f,f,f,f,f,f,f,,,,,,
36,2223,Gameweek 36,2023-05-13 14:00:00,,,,t,t,f,f,f,f,f,f,f,f,,,,,,
37,2223,Gameweek 37,2023-05-21 13:00:00,,,,t,t,f,f,f,f,f,f,f,f,,,,,,
38,2223,Gameweek 38,2023-05-28 15:30:00,,,,t,t,f,f,f,f,f,f,f,f,,,,,,
1,2324,Gameweek 1,2023-08-12 14:00:00,,,,t,t,f,f,f,f,f,f,f,f,,,,,,
2,2324,Gameweek 2,2023-08-18 18:45:00,,,,t,t,f,f,f,f,f,f,f,f,,,,,,
3,2324,Gameweek 3,2023-08-27 13:00:00,,,,t,t,f,f,f,f,f,f,f,f,,,,,,
4,2324,Gameweek 4,2023-09-02 11:30:00,,,,t,t,f,f,f,f,f,f,f,f,,,,,,
5,2324,Gameweek 5,2023-09-16 14:00:00,,,,t,t,f,f,f,f,f,f,f,f,,,,,,
6,2324,Gameweek 6,2023-09-24 15:30:00,,,,t,t,f,f,f,f,f,f,f,f,,,,,,
7,2324,Gameweek 7,2023-09-30 14:00:00,,,,t,t,f,f,f,f,f,f,f,f,,,,,,
8,2324,Gameweek 8,2023-10-07 14:00:00,,,,t,t,f,f,f,f,f,f,f,f,,,,,,
9,2324,Gameweek 9,2023-10-21 19:00:00,,,,t,t,f,f,f,f,f,f,f,f,,,,,,
10,2324,Gameweek 10,2023-10-28 14:00:00,,,,t,t,f,f,f,f,f,f,f,f,,,,,,
11,2324,Gameweek 11,2023-11-04 15:00:00,,,,t,t,f,f,f,f,f,f,f,f,,,,,,
12,2324,Gameweek 12,2023-11-12 14:00:00,,,,t,t,f,f,f,f,f,f,f,f,,,,,,
13,2324,Gameweek 13,2023-11-25 15:00:00,,,,t,t,f,f,f,f,f,f,f,f,,,,,,
14,2324,Gameweek 14,2023-12-02 15:00:00,,,,t,t,f,f,f,f,f,f,f,f,,,,,,
15,2324,Gameweek 15,2023-12-06 19:30:00,,,,t,t,f,f,f,f,f,f,f,f,,,,,,
16,2324,Gameweek 16,2023-12-09 15:00:00,,,,t,t,f,f,f,f,f,f,f,f,,,,,,
17,2324,Gameweek 17,2023-12-16 15:00:00,,,,t,t,f,f,f,f,f,f,f,f,,,,,,
18,2324,Gameweek 18,2023-12-22 20:00:00,,,,t,t,f,f,f,f,f,f,f,f,,,,,,
19,2324,Gameweek 19,2023-12-26 15:00:00,,,,t,t,f,f,f,f,f,f,f,f,,,,,,
35,2324,Gameweek 35,2024-04-27 14:00:00,,,,t,t,f,f,f,f,f,f,f,f,,,,,,
36,2324,Gameweek 36,2024-05-04 14:00:00,,,,t,t,f,f,f,f,f,f,f,f,,,,,,
37,2324,Gameweek 37,2024-05-11 14:00:00,,,,t,t,f,f,f,f,f,f,f,f,,,,,,
38,2324,Gameweek 38,2024-05-19 15:00:00,,,,t,t,f,f,f,f,f,f,f,f,,,,,,
1,2425,Gameweek 1,2024-08-17 14:00:00,,,,t,t,f,f,f,f,f,f,f,f,,,,,,
2,2425,Gameweek 2,2024-08-25 13:00:00,,,,t,t,f,f,f,f,f,f,f,f,,,,,,
3,2425,Gameweek 3,2024-08-31 14:00:00,,,,t,t,f,f,f,f,f,f,f,f,,,,,,
4,2425,Gameweek 4,2024-09-14 19:00:00,,,,t,t,f,f,f,f,f,f,f,f,,,,,,
5,2425,Gameweek 5,2024-09-21 14:00:00,,,,t,t,f,f,f,f,f,f,f,f,,,,,,
6,2425,Gameweek 6,2024-09-30 19:00:00,,,,t,t,f,f,f,f,f,f,f,f,,,,,,
7,2425,Gameweek 7,2024-10-05 14:00:00,,,,t,t,f,f,f,f,f,f,f,f,,,,,,
8,2425,Gameweek 8,2024-10-19 16:30:00,,,,t,t,f,f,f,f,f,f,f,f,,,,,,
9,2425,Gameweek 9,2024-10-26 14:00:00,,,,t,t,f,f,f,f,f,f,f,f,,,,,,
10,2425,Gameweek 10,2024-11-02 15:00:00,,,,t,t,f,f,f,f,f,f,f,f,,,,,,
11,2425,Gameweek 11,2024-11-09 15:00:00,,,,t,t,f,f,f,f,f,f,f,f,,,,,,
12,2425,Gameweek 12,2024-11-23 15:00:00,,,,t,t,f,f,f,f,f,f,f,f,,,,,,
13,2425,Gameweek 13,2024-11-30 15:00:00,,,,t,t,f,f,f,f,f,f,f,f,,,,,,
14,2425,Gameweek 14,2024-12-05 20:15:00,,,,t,t,f,f,f,f,f,f,f,f,,,,,,
15,2425,Gameweek 15,2024-12-08 14:00:00,,,,t,t,f,f,f,f,f,f,f,f,,,,,,
16,2425,Gameweek 16,2024-12-16 20:00:00,,,,t,t,f,f,f,f,f,f,f,f,,,,,,
17,2425,Gameweek 17,2024-12-22 14:00:00,,,,t,t,f,f,f,f,f,f,f,f,,,,,,
18,2425,Gameweek 18,2024-12-26 15:00:00,,,,t,t,f,f,f,f,f,f,f,f,,,,,,
19,2425,Gameweek 19,2024-12-29 15:00:00,,,,t,t,f,f,f,f,f,f,f,f,,,,,,
20,2425,Gameweek 20,2025-01-04 15:00:00,,,,t,t,f,f,f,f,f,f,f,f,,,,,,
21,2425,Gameweek 21,2025-01-16 20:00:00,,,,t,t,f,f,f,f,f,f,f,f,,,,,,
22,2425,Gameweek 22,2025-01-19 14:00:00,,,,t,t,f,f,f,f,f,f,f,f,,,,,,
23,2425,Gameweek 23,2025-01-25 15:00:00,,,,t,t,f,f,f,f,f,f,f,f,,,,,,
24,2425,Gameweek 24,2025-02-01 15:00:00,,,,t,t,f,f,f,f,f,f,f,f,,,,,,
25,2425,Gameweek 25,2025-02-15 15:00:00,,,,t,t,f,f,f,f,f,f,f,f,,,,,,
26,2425,Gameweek 26,2025-02-22 15:00:00,,,,t,t,f,f,f,f,f,f,f,f,,,,,,
27,2425,Gameweek 27,2025-02-25 20:15:00,,,,t,t,f,f,f,f,f,f,f,f,,,,,,
28,2425,Gameweek 28,2025-03-08 15:00:00,,,,t,t,f,f,f,f,f,f,f,f,,,,,,
29,2425,Gameweek 29,2025-03-15 15:00:00,,,,t,t,f,f,f,f,f,f,f,f,,,,,,
30,2425,Gameweek 30,2025-04-02 18:45:00,,,,t,t,f,f,f,f,f,f,f,f,,,,,,
31,2425,Gameweek 31,2025-04-06 13:00:00,,,,t,t,f,f,f,f,f,f,f,f,,,,,,
32,2425,Gameweek 32,2025-04-12 14:00:00,,,,t,t,f,f,f,f,f,f,f,f,,,,,,
33,2425,Gameweek 33,2025-04-19 14:00:00,,,,t,t,f,f,f,f,f,f,f,f,,,,,,
34,2425,Gameweek 34,2025-04-26 14:00:00,,,,t,t,f,f,f,f,f,f,f,f,,,,,,
35,2425,Gameweek 35,2025-05-03 14:00:00,,,,t,t,f,f,f,f,f,f,f,f,,,,,,
36,2425,Gameweek 36,2025-05-10 14:00:00,,,,t,t,f,f,f,f,f,f,f,f,,,,,,
37,2425,Gameweek 37,2025-05-18 11:00:00,,,,t,t,f,f,f,f,f,f,f,f,,,,,,
38,2425,Gameweek 38,2025-05-25 15:00:00,,,,t,t,f,f,f,f,f,f,f,f,,,,,,
