player_id,team_id,opponent_team_id,fixture_id,season,gameweek,position,was_home_int,fixture_difficulty,value,predicted_points
730,17,7,378,2025-26,38,FWD,1,,53.0,10.279471397399902
613,19,11,380,2025-26,38,MID,1,,57.0,10.170332908630371
31,1,8,373,2025-26,38,FWD,0,,64.0,9.968388557434082
382,12,5,375,2025-26,38,MID,1,,83.0,9.910141944885254
570,18,9,379,2025-26,38,DEF,1,,42.0,9.716835021972656
636,20,3,372,2025-26,38,DEF,0,,44.0,9.67698860168457
119,14,6,371,2025-26,38,MID,0,,83.0,9.614995002746582
694,17,7,378,2025-26,38,DEF,1,,46.0,9.382516860961914
320,10,15,374,2025-26,38,DEF,1,,43.0,9.292262077331543
381,12,5,375,2025-26,38,MID,1,,140.0,9.231236457824707
120,5,12,375,2025-26,38,MID,0,,68.0,9.23044490814209
568,18,9,379,2025-26,38,DEF,1,,52.0,9.079937934875488
441,14,6,371,2025-26,38,DEF,0,,41.0,8.859742164611816
33,2,13,376,2025-26,38,GK,0,,42.0,8.806079864501953
83,5,12,375,2025-26,38,MID,0,,56.0,8.598069190979004
388,12,5,375,2025-26,38,MID,1,,54.0,8.493407249450684
791,19,11,380,2025-26,38,FWD,1,,55.0,8.489736557006836
195,3,20,372,2025-26,38,DEF,1,,38.0,8.37829875946045
319,10,15,374,2025-26,38,DEF,1,,43.0,8.358687400817871
427,13,2,376,2025-26,38,MID,1,,50.0,8.323299407958984
387,12,5,375,2025-26,38,MID,1,,71.0,8.249462127685547
452,14,6,371,2025-26,38,MID,0,,62.0,8.200990676879883
345,11,19,380,2025-26,38,DEF,0,,38.0,8.007086753845215
515,16,4,377,2025-26,38,MID,1,,76.0,7.942015171051025
64,2,13,376,2025-26,38,FWD,0,,87.0,7.930909633636475
30,1,8,373,2025-26,38,FWD,0,,73.0,7.914954662322998
673,18,9,379,2025-26,38,MID,1,,55.0,7.825554847717285
18,1,8,373,2025-26,38,MID,0,,68.0,7.727065563201904
249,7,17,378,2025-26,38,FWD,0,,74.0,7.706775188446045
266,1,8,373,2025-26,38,MID,0,,73.0,7.6981987953186035
350,11,19,380,2025-26,38,MID,0,,54.0,7.560784816741943
508,16,4,377,2025-26,38,DEF,1,,48.0,7.493085861206055
525,16,4,377,2025-26,38,FWD,1,,71.0,7.334756851196289
712,8,1,373,2025-26,38,MID,1,,58.0,7.304765701293945
324,10,15,374,2025-26,38,MID,1,,61.0,7.302767753601074
539,17,7,378,2025-26,38,DEF,1,,40.0,7.283707141876221
691,11,19,380,2025-26,38,FWD,0,,58.0,7.178946018218994
295,9,18,379,2025-26,38,DEF,0,,45.0,7.174510955810547
365,11,19,380,2025-26,38,FWD,0,,50.0,7.162554740905762
2,1,8,373,2025-26,38,GK,0,,40.0,7.074550151824951
671,19,11,380,2025-26,38,FWD,1,,58.0,7.070329666137695
84,4,16,377,2025-26,38,MID,0,,53.0,7.061676979064941
634,20,3,372,2025-26,38,DEF,0,,43.0,7.052338123321533
817,20,3,372,2025-26,38,FWD,0,,51.0,7.037993907928467
372,12,5,375,2025-26,38,DEF,1,,57.0,7.018548488616943
262,8,1,373,2025-26,38,DEF,1,,40.0,6.976120948791504
813,17,7,378,2025-26,38,MID,1,,50.0,6.915721893310547
169,6,14,371,2025-26,38,MID,1,,49.0,6.845452785491943
386,12,5,375,2025-26,38,MID,1,,61.0,6.786594390869141
82,13,2,376,2025-26,38,MID,1,,80.0,6.777304172515869
384,12,5,375,2025-26,38,MID,1,,73.0,6.623379230499268
371,12,5,375,2025-26,38,DEF,1,,56.0,6.578848361968994
597,18,9,379,2025-26,38,FWD,1,,65.0,6.569559097290039
41,2,13,376,2025-26,38,DEF,0,,43.0,6.522125720977783
235,7,17,378,2025-26,38,MID,0,,103.0,6.507139205932617
547,17,7,378,2025-26,38,MID,1,,48.0,6.432098388671875
287,9,18,379,2025-26,38,GK,0,,56.0,6.428616046905518
709,20,3,372,2025-26,38,DEF,0,,45.0,6.427068710327148
331,10,15,374,2025-26,38,MID,1,,48.0,6.3103556632995605
532,17,7,378,2025-26,38,DEF,1,,45.0,6.297164440155029
662,1,8,373,2025-26,38,DEF,0,,53.0,6.282334327697754
19,1,8,373,2025-26,38,MID,0,,68.0,6.272747039794922
227,7,17,378,2025-26,38,DEF,0,,47.0,6.235492706298828
473,15,10,374,2025-26,38,DEF,0,,53.0,6.22191858291626
749,20,3,372,2025-26,38,FWD,0,,42.0,6.215410232543945
215,3,20,372,2025-26,38,FWD,1,,53.0,6.215033054351807
505,16,4,377,2025-26,38,DEF,1,,51.0,6.211226940155029
725,1,8,373,2025-26,38,DEF,0,,51.0,6.210002422332764
225,7,17,378,2025-26,38,DEF,0,,56.0,6.194358825683594
207,3,20,372,2025-26,38,MID,1,,47.0,6.185920715332031
423,13,2,376,2025-26,38,MID,1,,59.0,6.175451755523682
5,1,8,373,2025-26,38,DEF,0,,73.0,6.170917987823486
642,20,3,372,2025-26,38,MID,0,,56.0,6.130259037017822
409,13,2,376,2025-26,38,DEF,1,,54.0,6.110769748687744
373,12,5,375,2025-26,38,DEF,1,,61.0,6.047336101531982
226,7,17,378,2025-26,38,DEF,0,,54.0,6.011331558227539
22,1,8,373,2025-26,38,MID,0,,53.0,5.986361503601074
408,13,2,376,2025-26,38,DEF,1,,55.0,5.978109359741211
720,20,3,372,2025-26,38,FWD,0,,51.0,5.914485454559326
402,13,2,376,2025-26,38,DEF,1,,57.0,5.909304141998291
403,13,2,376,2025-26,38,DEF,1,,58.0,5.873140811920166
405,13,2,376,2025-26,38,DEF,1,,52.0,5.863222599029541
526,16,4,377,2025-26,38,FWD,1,,59.0,5.834181785583496
628,20,3,372,2025-26,38,GK,0,,42.0,5.814021587371826
374,12,5,375,2025-26,38,DEF,1,,54.0,5.7994303703308105
49,2,13,376,2025-26,38,MID,0,,55.0,5.778961181640625
584,18,9,379,2025-26,38,MID,1,,62.0,5.768242835998535
342,11,19,380,2025-26,38,DEF,0,,44.0,5.710892200469971
494,15,10,374,2025-26,38,MID,0,,50.0,5.706122875213623
575,18,9,379,2025-26,38,DEF,1,,44.0,5.7015180587768555
314,10,15,374,2025-26,38,GK,1,,50.0,5.69594144821167
416,13,2,376,2025-26,38,MID,1,,62.0,5.694061279296875
136,5,12,375,2025-26,38,FWD,0,,72.0,5.658689498901367
676,3,20,372,2025-26,38,MID,1,,50.0,5.626645565032959
303,9,18,379,2025-26,38,MID,0,,52.0,5.616775035858154
97,4,16,377,2025-26,38,FWD,0,,66.0,5.607423782348633
706,11,19,380,2025-26,38,DEF,0,,40.0,5.593276500701904
258,8,1,373,2025-26,38,DEF,1,,50.0,5.591726303100586
624,19,11,380,2025-26,38,FWD,1,,78.0,5.589958190917969
148,6,14,371,2025-26,38,DEF,1,,45.0,5.546746253967285
442,14,6,371,2025-26,38,DEF,0,,44.0,5.544946670532227
572,18,9,379,2025-26,38,DEF,1,,45.0,5.486731052398682
39,2,13,376,2025-26,38,DEF,0,,42.0,5.4806694984436035
410,13,2,376,2025-26,38,DEF,1,,46.0,5.4407572746276855
422,13,2,376,2025-26,38,MID,1,,58.0,5.412283420562744
476,15,10,374,2025-26,38,DEF,0,,50.0,5.3993754386901855
390,12,5,375,2025-26,38,MID,1,,54.0,5.352956771850586
666,1,8,373,2025-26,38,FWD,0,,91.0,5.322254180908203
443,14,6,371,2025-26,38,DEF,0,,45.0,5.272891044616699
502,16,4,377,2025-26,38,GK,1,,46.0,5.243945598602295
682,20,3,372,2025-26,38,DEF,0,,42.0,5.239401340484619
679,19,11,380,2025-26,38,GK,1,,42.0,5.220911026000977
672,7,17,378,2025-26,38,DEF,0,,46.0,5.194079875946045
633,20,3,372,2025-26,38,DEF,0,,43.0,5.189540863037109
283,8,1,373,2025-26,38,FWD,1,,76.0,5.182811260223389
603,19,11,380,2025-26,38,DEF,1,,41.0,5.170429706573486
341,11,19,380,2025-26,38,GK,0,,40.0,5.165713787078857
10,1,8,373,2025-26,38,DEF,0,,50.0,5.159380912780762
145,6,14,371,2025-26,38,DEF,1,,43.0,5.143722057342529
256,8,1,373,2025-26,38,DEF,1,,59.0,5.082096099853516
151,6,14,371,2025-26,38,DEF,1,,47.0,5.07337760925293
438,14,6,371,2025-26,38,DEF,0,,49.0,5.072491645812988
193,3,20,372,2025-26,38,DEF,1,,39.0,5.064636707305908
26,1,8,373,2025-26,38,MID,0,,49.0,5.063267707824707
606,19,11,380,2025-26,38,DEF,1,,45.0,5.051664352416992
7,1,8,373,2025-26,38,DEF,0,,56.0,5.0501484870910645
567,18,9,379,2025-26,38,GK,1,,39.0,5.047423362731934
224,7,17,378,2025-26,38,DEF,0,,61.0,5.039726734161377
783,6,14,371,2025-26,38,MID,1,,56.0,5.031858921051025
574,18,9,379,2025-26,38,DEF,1,,43.0,5.028292655944824
455,14,6,371,2025-26,38,MID,0,,59.0,5.0220818519592285
100,4,16,377,2025-26,38,FWD,0,,47.0,5.0042572021484375
511,16,4,377,2025-26,38,DEF,1,,43.0,4.988767623901367
522,16,4,377,2025-26,38,MID,1,,47.0,4.98515510559082
318,10,15,374,2025-26,38,DEF,1,,44.0,4.968784809112549
415,13,2,376,2025-26,38,MID,1,,69.0,4.9661335945129395
187,3,20,372,2025-26,38,DEF,1,,44.0,4.940664768218994
183,3,20,372,2025-26,38,GK,1,,42.0,4.937579154968262
146,6,14,371,2025-26,38,DEF,1,,45.0,4.92579984664917
107,5,12,375,2025-26,38,DEF,0,,48.0,4.895971775054932
241,7,17,378,2025-26,38,MID,0,,57.0,4.881309509277344
541,17,7,378,2025-26,38,DEF,1,,38.0,4.860236167907715
139,6,14,371,2025-26,38,GK,1,,46.0,4.847587585449219
291,9,18,379,2025-26,38,DEF,0,,58.0,4.788000583648682
48,2,13,376,2025-26,38,MID,0,,59.0,4.759941101074219
686,12,5,375,2025-26,38,MID,1,,43.0,4.738858699798584
449,14,6,371,2025-26,38,MID,0,,104.0,4.737409591674805
722,3,20,372,2025-26,38,MID,1,,50.0,4.736279010772705
654,8,1,373,2025-26,38,FWD,1,,58.0,4.728163719177246
733,14,6,371,2025-26,38,GK,0,,51.0,4.726159572601318
640,20,3,372,2025-26,38,DEF,0,,40.0,4.71314811706543
418,13,2,376,2025-26,38,MID,1,,65.0,4.707193374633789
437,14,6,371,2025-26,38,DEF,0,,48.0,4.691900253295898
220,7,17,378,2025-26,38,GK,0,,48.0,4.684323310852051
1,1,8,373,2025-26,38,GK,0,,62.0,4.669001579284668
316,10,15,374,2025-26,38,DEF,1,,49.0,4.652439594268799
724,17,7,378,2025-26,38,DEF,1,,45.0,4.650261402130127
635,20,3,372,2025-26,38,DEF,0,,44.0,4.649807453155518
24,1,8,373,2025-26,38,MID,0,,51.0,4.637561321258545
801,4,16,377,2025-26,38,MID,0,,49.0,4.637452602386475
67,4,16,377,2025-26,38,GK,0,,46.0,4.635575294494629
40,2,13,376,2025-26,38,DEF,0,,43.0,4.627765655517578
292,9,18,379,2025-26,38,DEF,0,,49.0,4.605144500732422
198,3,20,372,2025-26,38,DEF,1,,39.0,4.592240810394287
510,16,4,377,2025-26,38,DEF,1,,42.0,4.592181205749512
430,13,2,376,2025-26,38,FWD,1,,147.0,4.586057662963867
690,8,1,373,2025-26,38,MID,1,,44.0,4.559177875518799
74,4,16,377,2025-26,38,DEF,0,,48.0,4.540515899658203
42,2,13,376,2025-26,38,DEF,0,,39.0,4.539155006408691
615,19,11,380,2025-26,38,MID,1,,54.0,4.535882472991943
272,8,1,373,2025-26,38,MID,1,,49.0,4.527767658233643
444,14,6,371,2025-26,38,DEF,0,,41.0,4.499716758728027
643,20,3,372,2025-26,38,MID,0,,52.0,4.467466831207275
301,9,18,379,2025-26,38,MID,0,,52.0,4.456283092498779
343,11,19,380,2025-26,38,DEF,0,,42.0,4.4510579109191895
81,4,16,377,2025-26,38,MID,0,,69.0,4.449495315551758
50,2,13,376,2025-26,38,MID,0,,53.0,4.425956726074219
391,4,16,377,2025-26,38,MID,0,,48.0,4.422530651092529
684,15,10,374,2025-26,38,DEF,0,,49.0,4.418473720550537
517,16,4,377,2025-26,38,MID,1,,57.0,4.408275604248047
815,19,11,380,2025-26,38,DEF,1,,45.0,4.399604797363281
168,11,19,380,2025-26,38,MID,0,,46.0,4.395398139953613
796,18,9,379,2025-26,38,MID,1,,50.0,4.392273426055908
489,15,10,374,2025-26,38,MID,0,,59.0,4.373438358306885
236,7,17,378,2025-26,38,MID,0,,70.0,4.35878324508667
414,13,2,376,2025-26,38,MID,1,,80.0,4.334755897521973
670,17,7,378,2025-26,38,GK,1,,48.0,4.321757793426514
310,9,18,379,2025-26,38,FWD,0,,57.0,4.318281173706055
487,15,10,374,2025-26,38,MID,0,,61.0,4.304863452911377
126,5,12,375,2025-26,38,MID,0,,49.0,4.2945146560668945
253,8,1,373,2025-26,38,GK,1,,51.0,4.290716171264648
736,13,2,376,2025-26,38,GK,1,,56.0,4.2881011962890625
242,9,18,379,2025-26,38,MID,0,,53.0,4.286233425140381
481,15,10,374,2025-26,38,DEF,0,,38.0,4.280623435974121
475,15,10,374,2025-26,38,DEF,0,,49.0,4.279144287109375
325,10,15,374,2025-26,38,MID,1,,56.0,4.2737016677856445
807,4,16,377,2025-26,38,MID,0,,54.0,4.256575584411621
52,15,10,374,2025-26,38,MID,0,,53.0,4.232980251312256
469,15,10,374,2025-26,38,GK,0,,50.0,4.2322258949279785
719,2,13,376,2025-26,38,DEF,0,,45.0,4.176389217376709
44,2,13,376,2025-26,38,DEF,0,,40.0,4.1658735275268555
181,6,14,371,2025-26,38,FWD,1,,48.0,4.145845890045166
200,3,20,372,2025-26,38,MID,1,,50.0,4.145073413848877
329,10,15,374,2025-26,38,MID,1,,58.0,4.1395392417907715
270,8,1,373,2025-26,38,MID,1,,47.0,4.114609241485596
573,18,9,379,2025-26,38,DEF,1,,41.0,4.072107315063477
708,19,11,380,2025-26,38,MID,1,,55.0,4.059004783630371
32,2,13,376,2025-26,38,GK,0,,50.0,4.051995754241943
637,20,3,372,2025-26,38,DEF,0,,42.0,4.045769214630127
299,9,18,379,2025-26,38,MID,0,,63.0,4.0216851234436035
424,10,15,374,2025-26,38,MID,1,,51.0,4.010408401489258
121,5,12,375,2025-26,38,MID,0,,56.0,3.9895780086517334
338,10,15,374,2025-26,38,FWD,1,,53.0,3.983031988143921
814,16,4,377,2025-26,38,DEF,1,,45.0,3.9797205924987793
263,8,1,373,2025-26,38,DEF,1,,38.0,3.969336986541748
293,9,18,379,2025-26,38,DEF,0,,49.0,3.9623401165008545
458,14,6,371,2025-26,38,MID,0,,47.0,3.9571430683135986
98,4,16,377,2025-26,38,FWD,0,,54.0,3.955307722091675
370,12,5,375,2025-26,38,DEF,1,,57.0,3.94394588470459
85,4,16,377,2025-26,38,MID,0,,49.0,3.9421284198760986
699,2,13,376,2025-26,38,MID,0,,49.0,3.8823049068450928
267,8,1,373,2025-26,38,MID,1,,64.0,3.8822410106658936
125,5,12,375,2025-26,38,MID,0,,49.0,3.8734850883483887
358,11,19,380,2025-26,38,MID,0,,48.0,3.82224440574646
72,4,16,377,2025-26,38,DEF,0,,52.0,3.7984633445739746
668,17,7,378,2025-26,38,MID,1,,51.0,3.7933473587036133
366,12,5,375,2025-26,38,GK,1,,54.0,3.7833404541015625
585,18,9,379,2025-26,38,MID,1,,52.0,3.7629239559173584
330,10,15,374,2025-26,38,MID,1,,49.0,3.7523159980773926
304,9,18,379,2025-26,38,MID,0,,48.0,3.7479586601257324
367,12,5,375,2025-26,38,GK,1,,41.0,3.735586404800415
714,15,10,374,2025-26,38,FWD,0,,67.0,3.6844685077667236
173,6,14,371,2025-26,38,MID,1,,48.0,3.67022442817688
294,9,18,379,2025-26,38,DEF,0,,42.0,3.6490488052368164
237,7,17,378,2025-26,38,MID,0,,65.0,3.629580020904541
321,10,15,374,2025-26,38,DEF,1,,43.0,3.6138150691986084
488,15,10,374,2025-26,38,MID,0,,69.0,3.6110756397247314
816,20,3,372,2025-26,38,MID,0,,46.0,3.5776517391204834
163,6,14,371,2025-26,38,MID,1,,52.0,3.5659220218658447
521,16,4,377,2025-26,38,MID,1,,49.0,3.5502562522888184
450,14,6,371,2025-26,38,MID,0,,81.0,3.5275144577026367
413,13,2,376,2025-26,38,MID,1,,83.0,3.4854183197021484
785,19,11,380,2025-26,38,FWD,1,,54.0,3.451535701751709
101,5,12,375,2025-26,38,GK,0,,48.0,3.4250717163085938
527,16,4,377,2025-26,38,FWD,1,,52.0,3.394357442855835
73,4,16,377,2025-26,38,DEF,0,,44.0,3.38852596282959
417,13,2,376,2025-26,38,MID,1,,65.0,3.385071039199829
158,6,14,371,2025-26,38,MID,1,,56.0,3.3505847454071045
544,17,7,378,2025-26,38,MID,1,,53.0,3.3408451080322266
106,5,12,375,2025-26,38,DEF,0,,49.0,3.3267946243286133
218,3,20,372,2025-26,38,FWD,1,,42.0,3.3242850303649902
659,19,11,380,2025-26,38,DEF,1,,42.0,3.321852684020996
337,10,15,374,2025-26,38,FWD,1,,59.0,3.321702241897583
160,6,14,371,2025-26,38,MID,1,,55.0,3.2967586517333984
167,6,14,371,2025-26,38,MID,1,,45.0,3.2630796432495117
697,4,16,377,2025-26,38,MID,0,,54.0,3.257493019104004
591,18,9,379,2025-26,38,MID,1,,48.0,3.2422006130218506
250,7,17,378,2025-26,38,FWD,0,,62.0,3.23665189743042
17,1,8,373,2025-26,38,MID,0,,78.0,3.2015955448150635
16,1,8,373,2025-26,38,MID,0,,100.0,3.196446657180786
170,6,14,371,2025-26,38,MID,1,,49.0,3.1902053356170654
348,11,19,380,2025-26,38,DEF,0,,39.0,3.1854629516601562
731,10,15,374,2025-26,38,MID,1,,57.0,3.172395706176758
36,2,13,376,2025-26,38,DEF,0,,46.0,3.1433026790618896
581,18,9,379,2025-26,38,MID,1,,68.0,3.1346893310546875
552,17,7,378,2025-26,38,MID,1,,49.0,3.0989251136779785
210,3,20,372,2025-26,38,MID,1,,48.0,3.079432249069214
178,6,14,371,2025-26,38,FWD,1,,63.0,3.073570489883423
499,12,5,375,2025-26,38,FWD,1,,103.0,3.0399112701416016
809,20,3,372,2025-26,38,MID,0,,45.0,3.016676187515259
182,13,2,376,2025-26,38,GK,1,,45.0,3.013901948928833
271,8,1,373,2025-26,38,MID,1,,50.0,3.0108580589294434
693,16,4,377,2025-26,38,MID,1,,54.0,3.0017282962799072
54,2,13,376,2025-26,38,MID,0,,53.0,2.988978385925293
728,9,18,379,2025-26,38,MID,0,,50.0,2.9526751041412354
116,5,12,375,2025-26,38,DEF,0,,40.0,2.899625062942505
726,18,9,379,2025-26,38,FWD,1,,69.0,2.8940534591674805
21,1,8,373,2025-26,38,MID,0,,72.0,2.8929545879364014
354,11,19,380,2025-26,38,MID,0,,49.0,2.8890697956085205
6,1,8,373,2025-26,38,DEF,0,,63.0,2.813843011856079
376,12,5,375,2025-26,38,DEF,1,,49.0,2.8041086196899414
20,1,8,373,2025-26,38,MID,0,,66.0,2.781986713409424
614,3,20,372,2025-26,38,MID,1,,56.0,2.749821186065674
593,18,9,379,2025-26,38,MID,1,,45.0,2.719428062438965
228,7,17,378,2025-26,38,DEF,0,,48.0,2.7049901485443115
758,19,11,380,2025-26,38,MID,1,,45.0,2.669585704803467
77,4,16,377,2025-26,38,DEF,0,,42.0,2.665175199508667
59,2,13,376,2025-26,38,MID,0,,48.0,2.6533875465393066
519,16,4,377,2025-26,38,MID,1,,50.0,2.6490561962127686
273,8,1,373,2025-26,38,MID,1,,50.0,2.557691812515259
335,10,15,374,2025-26,38,MID,1,,44.0,2.5431337356567383
113,5,12,375,2025-26,38,DEF,0,,44.0,2.531139850616455
344,11,19,380,2025-26,38,DEF,0,,39.0,2.512505292892456
233,7,17,378,2025-26,38,DEF,0,,37.0,2.4886374473571777
311,9,18,379,2025-26,38,FWD,0,,51.0,2.4846835136413574
500,15,10,374,2025-26,38,FWD,0,,55.0,2.4783079624176025
353,11,19,380,2025-26,38,MID,0,,52.0,2.4016449451446533
276,8,1,373,2025-26,38,MID,1,,43.0,2.393118381500244
159,6,14,371,2025-26,38,MID,1,,58.0,2.341665744781494
700,1,8,373,2025-26,38,MID,0,,42.0,2.3227686882019043
485,15,10,374,2025-26,38,MID,0,,72.0,2.2589428424835205
411,13,2,376,2025-26,38,DEF,1,,53.0,2.2098610401153564
110,5,12,375,2025-26,38,DEF,0,,46.0,2.1530189514160156
646,20,3,372,2025-26,38,MID,0,,53.0,2.0635299682617188
135,15,10,374,2025-26,38,FWD,0,,73.0,2.044477939605713
385,12,5,375,2025-26,38,MID,1,,63.0,2.0372159481048584
202,3,20,372,2025-26,38,MID,1,,52.0,2.027740955352783
243,9,18,379,2025-26,38,MID,0,,48.0,1.9322293996810913
260,13,2,376,2025-26,38,DEF,1,,51.0,1.8960689306259155
560,17,7,378,2025-26,38,FWD,1,,50.0,1.854573130607605
206,3,20,372,2025-26,38,MID,1,,47.0,1.833676815032959
596,18,9,379,2025-26,38,FWD,1,,71.0,1.803783655166626
470,3,20,372,2025-26,38,GK,1,,40.0,1.7610236406326294
124,5,12,375,2025-26,38,MID,0,,50.0,1.7365107536315918
580,8,1,373,2025-26,38,MID,1,,65.0,1.700445294380188
47,2,13,376,2025-26,38,MID,0,,73.0,1.673170566558838
681,14,6,371,2025-26,38,FWD,0,,72.0,1.670044183731079
734,16,4,377,2025-26,38,MID,1,,59.0,1.622072696685791
351,11,19,380,2025-26,38,MID,0,,51.0,1.577394723892212
90,4,16,377,2025-26,38,MID,0,,49.0,1.553505539894104
332,10,15,374,2025-26,38,MID,1,,49.0,1.5505703687667847
55,2,13,376,2025-26,38,MID,0,,48.0,1.5386101007461548
257,8,1,373,2025-26,38,DEF,1,,52.0,1.520228624343872
579,18,9,379,2025-26,38,MID,1,,85.0,1.4103528261184692
8,1,8,373,2025-26,38,DEF,0,,60.0,1.4007519483566284
369,12,5,375,2025-26,38,GK,1,,39.0,1.3848869800567627
216,3,20,372,2025-26,38,FWD,1,,48.0,1.3745037317276
466,14,6,371,2025-26,38,FWD,0,,58.0,1.3234227895736694
383,12,5,375,2025-26,38,MID,1,,80.0,1.3088051080703735
421,13,2,376,2025-26,38,MID,1,,63.0,1.2927874326705933
661,12,5,375,2025-26,38,FWD,1,,90.0,1.2908214330673218
406,13,2,376,2025-26,38,DEF,1,,54.0,1.28169584274292
448,14,6,371,2025-26,38,DEF,0,,37.0,1.2815412282943726
407,13,2,376,2025-26,38,DEF,1,,53.0,1.2672218084335327
71,4,16,377,2025-26,38,DEF,0,,50.0,1.2280622720718384
478,15,10,374,2025-26,38,DEF,0,,49.0,1.222467064857483
221,7,17,378,2025-26,38,GK,0,,43.0,1.1864471435546875
129,5,12,375,2025-26,38,MID,0,,50.0,1.1851178407669067
486,15,10,374,2025-26,38,MID,0,,65.0,1.1632914543151855
346,11,19,380,2025-26,38,DEF,0,,37.0,1.1352882385253906
727,10,15,374,2025-26,38,MID,1,,53.0,1.0822643041610718
629,20,3,372,2025-26,38,GK,0,,39.0,1.0398740768432617
755,14,6,371,2025-26,38,MID,0,,45.0,1.0355820655822754
456,2,13,376,2025-26,38,MID,0,,58.0,1.0221811532974243
152,6,14,371,2025-26,38,DEF,1,,43.0,1.003312587738037
217,3,20,372,2025-26,38,FWD,1,,49.0,0.927385687828064
808,2,13,376,2025-26,38,FWD,0,,57.0,0.9198489189147949
404,13,2,376,2025-26,38,DEF,1,,54.0,0.8745818734169006
506,16,4,377,2025-26,38,DEF,1,,52.0,0.8602481484413147
393,12,5,375,2025-26,38,MID,1,,42.0,0.8419217467308044
322,10,15,374,2025-26,38,DEF,1,,45.0,0.8342320919036865
9,1,8,373,2025-26,38,DEF,0,,54.0,0.83216792345047
474,15,10,374,2025-26,38,DEF,0,,52.0,0.8285135626792908
209,3,20,372,2025-26,38,MID,1,,48.0,0.8227938413619995
362,11,19,380,2025-26,38,FWD,0,,49.0,0.8170583844184875
569,18,9,379,2025-26,38,DEF,1,,50.0,0.8127787113189697
680,3,20,372,2025-26,38,FWD,1,,52.0,0.807986855506897
551,17,7,378,2025-26,38,MID,1,,47.0,0.7961611747741699
660,11,19,380,2025-26,38,MID,0,,48.0,0.790798008441925
191,3,20,372,2025-26,38,DEF,1,,38.0,0.790452241897583
583,18,9,379,2025-26,38,MID,1,,64.0,0.7825615406036377
738,19,11,380,2025-26,38,GK,1,,45.0,0.7775025367736816
491,15,10,374,2025-26,38,MID,0,,53.0,0.7613517045974731
214,3,20,372,2025-26,38,MID,1,,43.0,0.7537316679954529
426,16,4,377,2025-26,38,MID,1,,50.0,0.7529336214065552
457,14,6,371,2025-26,38,MID,0,,58.0,0.7330565452575684
166,6,14,371,2025-26,38,MID,1,,48.0,0.7326980829238892
412,13,2,376,2025-26,38,DEF,1,,50.0,0.7283053994178772
252,7,17,378,2025-26,38,FWD,0,,40.0,0.6762501001358032
397,12,5,375,2025-26,38,FWD,1,,65.0,0.6745234131813049
493,11,19,380,2025-26,38,MID,0,,48.0,0.6481691598892212
440,14,6,371,2025-26,38,DEF,0,,45.0,0.644487738609314
23,1,8,373,2025-26,38,MID,0,,54.0,0.6365907788276672
13,1,8,373,2025-26,38,DEF,0,,37.0,0.6327494382858276
565,18,9,379,2025-26,38,GK,1,,47.0,0.6226286888122559
723,8,1,373,2025-26,38,DEF,1,,45.0,0.621917724609375
164,6,14,371,2025-26,38,MID,1,,55.0,0.6067414283752441
246,7,17,378,2025-26,38,MID,0,,44.0,0.6015846729278564
161,6,14,371,2025-26,38,MID,1,,54.0,0.5787913799285889
647,20,3,372,2025-26,38,MID,0,,55.0,0.5727478265762329
729,16,4,377,2025-26,38,DEF,1,,45.0,0.5722391605377197
251,7,17,378,2025-26,38,FWD,0,,65.0,0.5683828592300415
692,12,5,375,2025-26,38,DEF,1,,49.0,0.5636775493621826
380,12,5,375,2025-26,38,DEF,1,,37.0,0.5514107942581177
201,3,20,372,2025-26,38,MID,1,,54.0,0.5407696962356567
208,3,20,372,2025-26,38,MID,1,,50.0,0.5393869876861572
735,17,7,378,2025-26,38,MID,1,,55.0,0.5325670838356018
290,9,18,379,2025-26,38,DEF,0,,53.0,0.5271983742713928
261,8,1,373,2025-26,38,DEF,1,,44.0,0.5236750245094299
454,14,6,371,2025-26,38,MID,0,,59.0,0.5024092197418213
326,19,11,380,2025-26,38,MID,1,,51.0,0.49720850586891174
689,15,10,374,2025-26,38,MID,0,,43.0,0.4834303557872772
451,14,6,371,2025-26,38,MID,0,,70.0,0.4792572259902954
396,12,5,375,2025-26,38,MID,1,,43.0,0.47169941663742065
400,16,4,377,2025-26,38,GK,1,,47.0,0.470876008272171
677,8,1,373,2025-26,38,MID,1,,62.0,0.46693530678749084
105,5,12,375,2025-26,38,GK,0,,38.0,0.46221116185188293
399,13,2,376,2025-26,38,GK,1,,53.0,0.4616641402244568
586,18,9,379,2025-26,38,MID,1,,52.0,0.4562637209892273
165,6,14,371,2025-26,38,MID,1,,54.0,0.45541879534721375
805,16,4,377,2025-26,38,FWD,1,,53.0,0.4524431526660919
431,14,6,371,2025-26,38,GK,0,,47.0,0.4432831406593323
465,14,6,371,2025-26,38,FWD,0,,63.0,0.4334298372268677
420,13,2,376,2025-26,38,MID,1,,63.0,0.4312959313392639
432,14,6,371,2025-26,38,GK,0,,49.0,0.4301880896091461
425,13,2,376,2025-26,38,MID,1,,54.0,0.42800724506378174
627,20,3,372,2025-26,38,GK,0,,44.0,0.4262308180332184
239,7,17,378,2025-26,38,MID,0,,60.0,0.4219323694705963
245,7,17,378,2025-26,38,MID,0,,49.0,0.40838345885276794
179,6,14,371,2025-26,38,FWD,1,,55.0,0.4043384790420532
649,20,3,372,2025-26,38,MID,0,,50.0,0.4002964496612549
587,18,9,379,2025-26,38,MID,1,,52.0,0.39956754446029663
203,3,20,372,2025-26,38,MID,1,,47.0,0.3982112407684326
652,20,3,372,2025-26,38,MID,0,,43.0,0.39656808972358704
802,19,11,380,2025-26,38,MID,1,,50.0,0.3894481956958771
557,17,7,378,2025-26,38,MID,1,,43.0,0.38727784156799316
428,13,2,376,2025-26,38,MID,1,,50.0,0.38120004534721375
592,18,9,379,2025-26,38,MID,1,,50.0,0.38056012988090515
300,9,18,379,2025-26,38,MID,0,,55.0,0.3796428143978119
419,9,18,379,2025-26,38,MID,0,,63.0,0.3770563304424286
520,16,4,377,2025-26,38,MID,1,,50.0,0.37433117628097534
204,3,20,372,2025-26,38,MID,1,,49.0,0.37171003222465515
589,18,9,379,2025-26,38,MID,1,,54.0,0.37117552757263184
434,14,6,371,2025-26,38,GK,0,,38.0,0.3707095980644226
15,1,8,373,2025-26,38,DEF,0,,37.0,0.36937272548675537
379,12,5,375,2025-26,38,DEF,1,,37.0,0.3688027858734131
561,17,7,378,2025-26,38,FWD,1,,51.0,0.3674902319908142
546,17,7,378,2025-26,38,MID,1,,49.0,0.36189237236976624
368,12,5,375,2025-26,38,GK,1,,38.0,0.35917478799819946
492,15,10,374,2025-26,38,MID,0,,49.0,0.35530534386634827
553,17,7,378,2025-26,38,MID,1,,49.0,0.3524979054927826
238,7,17,378,2025-26,38,MID,0,,64.0,0.3509468138217926
66,4,16,377,2025-26,38,GK,0,,45.0,0.3507978618144989
644,20,3,372,2025-26,38,MID,0,,51.0,0.3500710725784302
554,17,7,378,2025-26,38,MID,1,,43.0,0.3467022776603699
375,12,5,375,2025-26,38,DEF,1,,49.0,0.3463205397129059
147,6,14,371,2025-26,38,DEF,1,,45.0,0.34414324164390564
748,5,12,375,2025-26,38,MID,0,,49.0,0.3406861424446106
306,9,18,379,2025-26,38,MID,0,,43.0,0.3390595018863678
545,17,7,378,2025-26,38,MID,1,,54.0,0.33525174856185913
153,6,14,371,2025-26,38,DEF,1,,44.0,0.3304626941680908
737,10,15,374,2025-26,38,FWD,1,,45.0,0.3287619650363922
702,2,13,376,2025-26,38,MID,0,,43.0,0.3258184492588043
658,20,3,372,2025-26,38,FWD,0,,42.0,0.3243388235569
550,17,7,378,2025-26,38,MID,1,,47.0,0.3240600824356079
696,16,4,377,2025-26,38,FWD,1,,60.0,0.3109016716480255
12,16,4,377,2025-26,38,DEF,1,,49.0,0.30846065282821655
651,20,3,372,2025-26,38,MID,0,,43.0,0.3082254230976105
240,7,17,378,2025-26,38,MID,0,,59.0,0.3081837296485901
377,12,5,375,2025-26,38,DEF,1,,48.0,0.30702266097068787
27,5,12,375,2025-26,38,MID,0,,48.0,0.3025834262371063
518,16,4,377,2025-26,38,MID,1,,54.0,0.2976284921169281
467,14,6,371,2025-26,38,FWD,0,,42.0,0.29015451669692993
357,11,19,380,2025-26,38,MID,0,,49.0,0.28637751936912537
355,11,19,380,2025-26,38,MID,0,,49.0,0.28637751936912537
516,16,4,377,2025-26,38,MID,1,,57.0,0.28352656960487366
665,11,19,380,2025-26,38,GK,0,,44.0,0.28008097410202026
336,10,15,374,2025-26,38,MID,1,,43.0,0.2794936001300812
389,2,13,376,2025-26,38,MID,0,,51.0,0.278378427028656
149,6,14,371,2025-26,38,DEF,1,,45.0,0.2755827307701111
274,8,1,373,2025-26,38,MID,1,,43.0,0.27545788884162903
56,2,13,376,2025-26,38,MID,0,,50.0,0.2726830244064331
582,18,9,379,2025-26,38,MID,1,,64.0,0.27253344655036926
199,3,20,372,2025-26,38,DEF,1,,38.0,0.27216511964797974
122,5,12,375,2025-26,38,MID,0,,52.0,0.26631927490234375
595,18,9,379,2025-26,38,MID,1,,43.0,0.2642420530319214
268,8,1,373,2025-26,38,MID,1,,49.0,0.2619174122810364
669,16,4,377,2025-26,38,MID,1,,55.0,0.2546907365322113
429,13,2,376,2025-26,38,MID,1,,47.0,0.2511468529701233
284,8,1,373,2025-26,38,FWD,1,,54.0,0.2509460747241974
674,15,10,374,2025-26,38,GK,0,,48.0,0.24808970093727112
512,16,4,377,2025-26,38,DEF,1,,45.0,0.24783527851104736
707,9,18,379,2025-26,38,MID,0,,53.0,0.2471465915441513
562,17,7,378,2025-26,38,FWD,1,,42.0,0.24304555356502533
223,7,17,378,2025-26,38,GK,0,,38.0,0.2410757839679718
616,19,11,380,2025-26,38,MID,1,,49.0,0.23989872634410858
37,2,13,376,2025-26,38,DEF,0,,45.0,0.23609791696071625
288,9,18,379,2025-26,38,GK,0,,42.0,0.23463188111782074
205,3,20,372,2025-26,38,MID,1,,49.0,0.23396477103233337
186,3,20,372,2025-26,38,DEF,1,,43.0,0.2321009635925293
605,19,11,380,2025-26,38,DEF,1,,40.0,0.22978895902633667
509,16,4,377,2025-26,38,DEF,1,,45.0,0.2274518460035324
363,11,19,380,2025-26,38,FWD,0,,49.0,0.22715045511722565
180,6,14,371,2025-26,38,FWD,1,,52.0,0.22544974088668823
150,6,14,371,2025-26,38,DEF,1,,44.0,0.22102199494838715
51,2,13,376,2025-26,38,MID,0,,55.0,0.22031459212303162
230,7,17,378,2025-26,38,DEF,0,,44.0,0.2201385796070099
162,6,14,371,2025-26,38,MID,1,,54.0,0.2101709395647049
154,6,14,371,2025-26,38,DEF,1,,40.0,0.20978191494941711
787,11,19,380,2025-26,38,MID,0,,44.0,0.2097340226173401
378,12,5,375,2025-26,38,DEF,1,,37.0,0.20390965044498444
364,11,19,380,2025-26,38,FWD,0,,50.0,0.20372647047042847
839,11,19,380,2025-26,38,MID,0,,45.0,0.20174935460090637
91,4,16,377,2025-26,38,MID,0,,50.0,0.19870981574058533
774,17,7,378,2025-26,38,DEF,1,,40.0,0.19857914745807648
600,19,11,380,2025-26,38,GK,1,,42.0,0.1977415531873703
711,1,8,373,2025-26,38,MID,0,,44.0,0.1946377009153366
212,3,20,372,2025-26,38,MID,1,,45.0,0.1932956576347351
231,7,17,378,2025-26,38,DEF,0,,45.0,0.19238294661045074
25,1,8,373,2025-26,38,MID,0,,50.0,0.19036680459976196
630,9,18,379,2025-26,38,GK,0,,39.0,0.1902630776166916
127,5,12,375,2025-26,38,MID,0,,49.0,0.19018973410129547
14,1,8,373,2025-26,38,DEF,0,,39.0,0.1898999661207199
840,7,17,378,2025-26,38,FWD,0,,45.0,0.18754936754703522
447,14,6,371,2025-26,38,DEF,0,,37.0,0.185429647564888
196,3,20,372,2025-26,38,DEF,1,,40.0,0.18529973924160004
189,3,20,372,2025-26,38,DEF,1,,40.0,0.18529973924160004
752,19,11,380,2025-26,38,DEF,1,,40.0,0.18133246898651123
588,18,9,379,2025-26,38,MID,1,,53.0,0.17945139110088348
818,18,9,379,2025-26,38,FWD,1,,45.0,0.1794346272945404
289,9,18,379,2025-26,38,GK,0,,39.0,0.17942574620246887
832,12,5,375,2025-26,38,DEF,1,,40.0,0.17874324321746826
352,11,19,380,2025-26,38,MID,0,,51.0,0.17378324270248413
194,3,20,372,2025-26,38,DEF,1,,39.0,0.17259657382965088
185,3,20,372,2025-26,38,GK,1,,39.0,0.17040885984897614
184,3,20,372,2025-26,38,GK,1,,40.0,0.17040885984897614
108,5,12,375,2025-26,38,DEF,0,,44.0,0.1703600436449051
356,11,19,380,2025-26,38,MID,0,,47.0,0.16923204064369202
800,17,7,378,2025-26,38,MID,1,,49.0,0.16859379410743713
307,9,18,379,2025-26,38,MID,0,,44.0,0.16783872246742249
778,20,3,372,2025-26,38,MID,0,,45.0,0.16610050201416016
503,16,4,377,2025-26,38,GK,1,,40.0,0.16212959587574005
549,17,7,378,2025-26,38,MID,1,,48.0,0.1621149331331253
327,10,15,374,2025-26,38,MID,1,,53.0,0.15960974991321564
645,20,3,372,2025-26,38,MID,0,,51.0,0.15642182528972626
760,12,5,375,2025-26,38,DEF,1,,40.0,0.15612761676311493
392,12,5,375,2025-26,38,MID,1,,49.0,0.1549089252948761
838,11,19,380,2025-26,38,MID,0,,45.0,0.15404951572418213
156,6,14,371,2025-26,38,DEF,1,,38.0,0.15247391164302826
222,7,17,378,2025-26,38,GK,0,,40.0,0.15076300501823425
609,19,11,380,2025-26,38,DEF,1,,43.0,0.15046481788158417
625,19,11,380,2025-26,38,FWD,1,,56.0,0.14881080389022827
269,8,1,373,2025-26,38,MID,1,,47.0,0.147385373711586
464,14,6,371,2025-26,38,MID,0,,45.0,0.1463911086320877
305,9,18,379,2025-26,38,MID,0,,45.0,0.14441901445388794
648,20,3,372,2025-26,38,MID,0,,53.0,0.14178648591041565
623,19,11,380,2025-26,38,MID,1,,43.0,0.14164869487285614
820,3,20,372,2025-26,38,MID,1,,45.0,0.14156575500965118
142,6,14,371,2025-26,38,GK,1,,40.0,0.13996447622776031
590,18,9,379,2025-26,38,MID,1,,49.0,0.1398291289806366
548,17,7,378,2025-26,38,MID,1,,49.0,0.13835562765598297
123,5,12,375,2025-26,38,MID,0,,46.0,0.13523338735103607
174,6,14,371,2025-26,38,MID,1,,50.0,0.13487520813941956
11,1,8,373,2025-26,38,DEF,0,,51.0,0.13254112005233765
829,7,17,378,2025-26,38,MID,0,,45.0,0.13054469227790833
34,2,13,376,2025-26,38,GK,0,,40.0,0.13004790246486664
35,2,13,376,2025-26,38,GK,0,,40.0,0.13004790246486664
540,17,7,378,2025-26,38,DEF,1,,39.0,0.12771277129650116
537,17,7,378,2025-26,38,DEF,1,,40.0,0.12771277129650116
534,17,7,378,2025-26,38,DEF,1,,38.0,0.12771277129650116
536,17,7,378,2025-26,38,DEF,1,,40.0,0.12771277129650116
538,17,7,378,2025-26,38,DEF,1,,38.0,0.12771277129650116
130,5,12,375,2025-26,38,MID,0,,44.0,0.12705807387828827
398,12,5,375,2025-26,38,FWD,1,,43.0,0.12581686675548553
655,20,3,372,2025-26,38,FWD,0,,49.0,0.12209806591272354
28,1,8,373,2025-26,38,MID,0,,45.0,0.12158700078725815
811,18,9,379,2025-26,38,MID,1,,45.0,0.12087558954954147
75,4,16,377,2025-26,38,DEF,0,,38.0,0.12048414349555969
213,3,20,372,2025-26,38,MID,1,,45.0,0.11929591000080109
822,17,7,378,2025-26,38,MID,1,,45.0,0.11888116598129272
841,16,4,377,2025-26,38,FWD,1,,45.0,0.11819348484277725
830,12,5,375,2025-26,38,FWD,1,,45.0,0.11681107431650162
171,6,14,371,2025-26,38,MID,1,,49.0,0.11573415249586105
229,7,17,378,2025-26,38,DEF,0,,44.0,0.11525052040815353
825,19,11,380,2025-26,38,GK,1,,40.0,0.11509522050619125
138,6,14,371,2025-26,38,GK,1,,42.0,0.11403393745422363
436,14,6,371,2025-26,38,DEF,0,,49.0,0.1139623299241066
312,9,18,379,2025-26,38,FWD,0,,49.0,0.11341902613639832
617,19,11,380,2025-26,38,MID,1,,49.0,0.11112072318792343
571,18,9,379,2025-26,38,DEF,1,,43.0,0.11008305847644806
359,11,19,380,2025-26,38,MID,0,,45.0,0.11003505438566208
86,4,16,377,2025-26,38,MID,0,,50.0,0.10993469506502151
528,17,7,378,2025-26,38,GK,1,,42.0,0.10829528421163559
57,2,13,376,2025-26,38,MID,0,,50.0,0.10727858543395996
543,17,7,378,2025-26,38,MID,1,,49.0,0.10705351084470749
601,19,11,380,2025-26,38,GK,1,,40.0,0.10315009206533432
602,19,11,380,2025-26,38,GK,1,,39.0,0.10315009206533432
610,19,11,380,2025-26,38,DEF,1,,41.0,0.10267439484596252
612,19,11,380,2025-26,38,MID,1,,59.0,0.09998402744531631
219,3,20,372,2025-26,38,FWD,1,,44.0,0.09997918456792831
334,10,15,374,2025-26,38,MID,1,,45.0,0.099495530128479
687,4,16,377,2025-26,38,MID,0,,43.0,0.09863986819982529
757,2,13,376,2025-26,38,GK,0,,40.0,0.09652817994356155
309,9,18,379,2025-26,38,MID,0,,45.0,0.09621123969554901
821,17,7,378,2025-26,38,MID,1,,45.0,0.09557482600212097
656,20,3,372,2025-26,38,FWD,0,,49.0,0.09520534425973892
501,15,10,374,2025-26,38,FWD,0,,43.0,0.09507226943969727
103,5,12,375,2025-26,38,GK,0,,39.0,0.09452404826879501
102,5,12,375,2025-26,38,GK,0,,39.0,0.09452404826879501
104,5,12,375,2025-26,38,GK,0,,39.0,0.09452404826879501
619,19,11,380,2025-26,38,MID,1,,49.0,0.0941798985004425
618,19,11,380,2025-26,38,MID,1,,48.0,0.0941798985004425
784,3,20,372,2025-26,38,MID,1,,45.0,0.09377141296863556
172,6,14,371,2025-26,38,MID,1,,48.0,0.09197485446929932
688,2,13,376,2025-26,38,GK,0,,39.0,0.09128335118293762
4,1,8,373,2025-26,38,GK,0,,39.0,0.08940768986940384
360,11,19,380,2025-26,38,MID,0,,45.0,0.08891300112009048
514,16,4,377,2025-26,38,DEF,1,,38.0,0.08866674453020096
744,6,14,371,2025-26,38,MID,1,,45.0,0.0884643942117691
496,15,10,374,2025-26,38,MID,0,,44.0,0.08625079691410065
29,1,8,373,2025-26,38,MID,0,,45.0,0.08619239181280136
790,18,9,379,2025-26,38,MID,1,,45.0,0.0854867547750473
716,16,4,377,2025-26,38,DEF,1,,45.0,0.08426601439714432
128,5,12,375,2025-26,38,MID,0,,48.0,0.08313069492578506
770,10,15,374,2025-26,38,MID,1,,45.0,0.08172157406806946
112,5,12,375,2025-26,38,DEF,0,,45.0,0.08169139921665192
141,6,14,371,2025-26,38,GK,1,,40.0,0.08044800907373428
155,6,14,371,2025-26,38,DEF,1,,40.0,0.07919888943433762
746,12,5,375,2025-26,38,MID,1,,45.0,0.07896105945110321
281,8,1,373,2025-26,38,MID,1,,44.0,0.07858283817768097
280,8,1,373,2025-26,38,MID,1,,45.0,0.07827578485012054
277,8,1,373,2025-26,38,MID,1,,45.0,0.07827578485012054
279,8,1,373,2025-26,38,MID,1,,45.0,0.07827578485012054
703,2,13,376,2025-26,38,GK,0,,39.0,0.07811547815799713
479,15,10,374,2025-26,38,DEF,0,,43.0,0.0773567259311676
477,15,10,374,2025-26,38,DEF,0,,49.0,0.07608722150325775
3,1,8,373,2025-26,38,GK,0,,40.0,0.07595983892679214
339,11,19,380,2025-26,38,GK,0,,41.0,0.07549191266298294
732,8,1,373,2025-26,38,FWD,1,,55.0,0.07341746985912323
775,17,7,378,2025-26,38,MID,1,,45.0,0.07280955463647842
556,17,7,378,2025-26,38,MID,1,,45.0,0.07242698222398758
558,17,7,378,2025-26,38,MID,1,,43.0,0.07223580777645111
555,17,7,378,2025-26,38,MID,1,,45.0,0.07223580777645111
767,20,3,372,2025-26,38,MID,0,,45.0,0.07193384319543839
653,20,3,372,2025-26,38,MID,0,,45.0,0.07155153900384903
577,18,9,379,2025-26,38,DEF,1,,40.0,0.07089389860630035
576,18,9,379,2025-26,38,DEF,1,,40.0,0.07089389860630035
745,18,9,379,2025-26,38,DEF,1,,40.0,0.07089389860630035
578,18,9,379,2025-26,38,DEF,1,,39.0,0.07089389860630035
211,3,20,372,2025-26,38,MID,1,,44.0,0.07011584937572479
401,13,2,376,2025-26,38,GK,1,,38.0,0.06622066348791122
333,10,15,374,2025-26,38,MID,1,,45.0,0.06607134640216827
255,8,1,373,2025-26,38,GK,1,,39.0,0.06538273394107819
323,10,15,374,2025-26,38,DEF,1,,38.0,0.06525061279535294
498,15,10,374,2025-26,38,MID,0,,45.0,0.06512872129678726
461,14,6,371,2025-26,38,MID,0,,43.0,0.06460197269916534
523,16,4,377,2025-26,38,MID,1,,45.0,0.06405481696128845
495,15,10,374,2025-26,38,MID,0,,45.0,0.06315825134515762
140,6,14,371,2025-26,38,GK,1,,39.0,0.062280572950839996
395,12,5,375,2025-26,38,MID,1,,45.0,0.06199301406741142
131,5,12,375,2025-26,38,MID,0,,43.0,0.05797160789370537
657,20,3,372,2025-26,38,FWD,0,,44.0,0.05771017447113991
315,10,15,374,2025-26,38,GK,1,,40.0,0.05757540464401245
594,18,9,379,2025-26,38,MID,1,,45.0,0.05748884752392769
751,18,9,379,2025-26,38,MID,1,,45.0,0.05748884752392769
188,3,20,372,2025-26,38,DEF,1,,38.0,0.05698128417134285
504,16,4,377,2025-26,38,GK,1,,40.0,0.0567907989025116
771,14,6,371,2025-26,38,MID,0,,44.0,0.056424979120492935
789,7,17,378,2025-26,38,GK,0,,40.0,0.05583077669143677
772,15,10,374,2025-26,38,MID,0,,45.0,0.05513015761971474
743,7,17,378,2025-26,38,MID,0,,45.0,0.05411145091056824
663,20,3,372,2025-26,38,MID,0,,49.0,0.05397636070847511
361,11,19,380,2025-26,38,MID,0,,45.0,0.053518373519182205
776,3,20,372,2025-26,38,MID,1,,45.0,0.05319582298398018
530,17,7,378,2025-26,38,GK,1,,39.0,0.05308915302157402
111,5,12,375,2025-26,38,DEF,0,,42.0,0.052863091230392456
622,19,11,380,2025-26,38,MID,1,,44.0,0.05253974720835686
460,14,6,371,2025-26,38,MID,0,,45.0,0.05218939483165741
38,2,13,376,2025-26,38,DEF,0,,44.0,0.05201978608965874
529,17,7,378,2025-26,38,GK,1,,39.0,0.05189046636223793
175,6,14,371,2025-26,38,MID,1,,44.0,0.05033467710018158
176,6,14,371,2025-26,38,MID,1,,45.0,0.05033467710018158
803,7,17,378,2025-26,38,GK,0,,40.0,0.049130409955978394
340,11,19,380,2025-26,38,GK,0,,39.0,0.049003832042217255
480,15,10,374,2025-26,38,DEF,0,,43.0,0.04758885130286217
53,2,13,376,2025-26,38,MID,0,,51.0,0.04637044295668602
275,8,1,373,2025-26,38,MID,1,,43.0,0.04485158994793892
248,7,17,378,2025-26,38,MID,0,,45.0,0.0434967502951622
831,20,3,372,2025-26,38,GK,0,,40.0,0.04069461300969124
761,6,14,371,2025-26,38,DEF,1,,40.0,0.040095992386341095
308,9,18,379,2025-26,38,MID,0,,45.0,0.03916478529572487
704,9,18,379,2025-26,38,MID,0,,45.0,0.03916478529572487
792,2,13,376,2025-26,38,MID,0,,50.0,0.03891593590378761
254,8,1,373,2025-26,38,GK,1,,39.0,0.03891422972083092
835,16,4,377,2025-26,38,MID,1,,45.0,0.03883958235383034
433,14,6,371,2025-26,38,GK,0,,40.0,0.03820526599884033
833,7,17,378,2025-26,38,MID,0,,45.0,0.037917379289865494
834,7,17,378,2025-26,38,MID,0,,45.0,0.037917379289865494
667,9,18,379,2025-26,38,DEF,0,,42.0,0.03772471845149994
828,20,3,372,2025-26,38,GK,0,,40.0,0.03664250299334526
777,20,3,372,2025-26,38,MID,0,,45.0,0.03615695238113403
779,9,18,379,2025-26,38,FWD,0,,45.0,0.03466344252228737
795,6,14,371,2025-26,38,MID,1,,45.0,0.034218158572912216
69,4,16,377,2025-26,38,GK,0,,39.0,0.032420814037323
462,14,6,371,2025-26,38,MID,0,,43.0,0.03227069228887558
471,15,10,374,2025-26,38,GK,0,,39.0,0.0321783646941185
298,9,18,379,2025-26,38,DEF,0,,38.0,0.0320255383849144
559,17,7,378,2025-26,38,MID,1,,44.0,0.03166026994585991
766,20,3,372,2025-26,38,DEF,0,,40.0,0.031137453392148018
435,14,6,371,2025-26,38,GK,0,,39.0,0.030979685485363007
472,15,10,374,2025-26,38,GK,0,,40.0,0.030979685485363007
650,20,3,372,2025-26,38,MID,0,,43.0,0.02886892482638359
70,4,16,377,2025-26,38,GK,0,,40.0,0.02862096019089222
446,14,6,371,2025-26,38,DEF,0,,37.0,0.025219492614269257
608,19,11,380,2025-26,38,DEF,1,,43.0,0.024972587823867798
786,10,15,374,2025-26,38,GK,1,,40.0,0.024816740304231644
698,11,19,380,2025-26,38,MID,0,,55.0,0.023189198225736618
197,3,20,372,2025-26,38,DEF,1,,38.0,0.023021046072244644
94,4,16,377,2025-26,38,MID,0,,45.0,0.022791123017668724
96,4,16,377,2025-26,38,MID,0,,45.0,0.022791123017668724
826,5,12,375,2025-26,38,MID,0,,45.0,0.02275758422911167
58,2,13,376,2025-26,38,MID,0,,49.0,0.02220539189875126
827,14,6,371,2025-26,38,MID,0,,45.0,0.02140207029879093
782,4,16,377,2025-26,38,GK,0,,40.0,0.021367063745856285
715,16,4,377,2025-26,38,GK,1,,40.0,0.02127806469798088
753,15,10,374,2025-26,38,GK,0,,40.0,0.02115556225180626
762,8,1,373,2025-26,38,MID,1,,45.0,0.020068099722266197
564,17,7,378,2025-26,38,FWD,1,,44.0,0.018079476431012154
68,4,16,377,2025-26,38,GK,0,,40.0,0.01805426925420761
566,18,9,379,2025-26,38,GK,1,,39.0,0.018030334264039993
132,5,12,375,2025-26,38,MID,0,,45.0,0.017204882577061653
133,5,12,375,2025-26,38,MID,0,,44.0,0.017204882577061653
134,5,12,375,2025-26,38,MID,0,,45.0,0.017204882577061653
756,4,16,377,2025-26,38,MID,0,,45.0,0.01270510908216238
741,11,19,380,2025-26,38,FWD,0,,45.0,0.012240382842719555
621,19,11,380,2025-26,38,MID,1,,43.0,0.011964166536927223
620,19,11,380,2025-26,38,MID,1,,45.0,0.011964166536927223
463,14,6,371,2025-26,38,MID,0,,43.0,0.011422661133110523
483,15,10,374,2025-26,38,DEF,0,,38.0,0.010941056534647942
177,6,14,371,2025-26,38,MID,1,,45.0,0.00975913554430008
675,16,4,377,2025-26,38,GK,1,,40.0,0.008110146969556808
394,12,5,375,2025-26,38,MID,1,,44.0,0.007446818519383669
764,13,2,376,2025-26,38,MID,1,,45.0,0.007121524307876825
282,8,1,373,2025-26,38,MID,1,,45.0,0.00427603255957365
278,8,1,373,2025-26,38,MID,1,,44.0,0.00427603255957365
742,13,2,376,2025-26,38,MID,1,,45.0,0.0025682449340820312
763,13,2,376,2025-26,38,MID,1,,45.0,0.0025682449340820312
76,4,16,377,2025-26,38,DEF,0,,38.0,0.0020605993922799826
810,5,12,375,2025-26,38,MID,0,,45.0,0.00041312442044727504
678,17,7,378,2025-26,38,DEF,1,,39.0,0.0
683,17,7,378,2025-26,38,DEF,1,,41.0,0.0
542,17,7,378,2025-26,38,DEF,1,,40.0,0.0
563,17,7,378,2025-26,38,FWD,1,,44.0,0.0
46,2,13,376,2025-26,38,DEF,0,,40.0,0.0
45,2,13,376,2025-26,38,DEF,0,,38.0,0.0
43,2,13,376,2025-26,38,DEF,0,,40.0,0.0
799,4,16,377,2025-26,38,MID,0,,45.0,0.0
638,20,3,372,2025-26,38,DEF,0,,38.0,0.0
611,19,11,380,2025-26,38,DEF,1,,40.0,0.0
819,5,12,375,2025-26,38,DEF,0,,40.0,0.0
244,7,17,378,2025-26,38,MID,0,,49.0,0.0
247,7,17,378,2025-26,38,MID,0,,43.0,0.0
234,7,17,378,2025-26,38,DEF,0,,40.0,0.0
695,20,3,372,2025-26,38,DEF,0,,44.0,0.0
453,7,17,378,2025-26,38,MID,0,,64.0,0.0
604,19,11,380,2025-26,38,DEF,1,,44.0,0.0
747,19,11,380,2025-26,38,DEF,1,,40.0,0.0
144,6,14,371,2025-26,38,DEF,1,,42.0,0.0
607,19,11,380,2025-26,38,DEF,1,,44.0,0.0
718,19,11,380,2025-26,38,MID,1,,50.0,0.0
626,19,11,380,2025-26,38,FWD,1,,43.0,0.0
631,20,3,372,2025-26,38,DEF,0,,42.0,0.0
632,20,3,372,2025-26,38,DEF,0,,44.0,0.0
531,17,7,378,2025-26,38,DEF,1,,46.0,0.0
806,4,16,377,2025-26,38,GK,0,,40.0,0.0
836,16,4,377,2025-26,38,MID,1,,45.0,0.0
533,17,7,378,2025-26,38,DEF,1,,40.0,0.0
259,8,1,373,2025-26,38,DEF,1,,48.0,0.0
535,17,7,378,2025-26,38,DEF,1,,40.0,0.0
721,4,16,377,2025-26,38,DEF,0,,44.0,0.0
824,5,12,375,2025-26,38,DEF,0,,40.0,0.0
459,14,6,371,2025-26,38,MID,0,,47.0,0.0
823,5,12,375,2025-26,38,DEF,0,,40.0,0.0
232,7,17,378,2025-26,38,DEF,0,,40.0,0.0
797,5,12,375,2025-26,38,FWD,0,,45.0,0.0
468,14,6,371,2025-26,38,FWD,0,,45.0,0.0
639,20,3,372,2025-26,38,DEF,0,,40.0,0.0
143,6,14,371,2025-26,38,DEF,1,,42.0,0.0
837,11,19,380,2025-26,38,DEF,0,,40.0,0.0
641,20,3,372,2025-26,38,DEF,0,,39.0,0.0
118,5,12,375,2025-26,38,DEF,0,,40.0,0.0
507,16,4,377,2025-26,38,DEF,1,,47.0,0.0
99,4,16,377,2025-26,38,FWD,0,,44.0,0.0
524,16,4,377,2025-26,38,MID,1,,45.0,0.0
513,16,4,377,2025-26,38,DEF,1,,38.0,0.0
137,5,12,375,2025-26,38,FWD,0,,44.0,0.0
192,3,20,372,2025-26,38,DEF,1,,40.0,0.0
497,15,10,374,2025-26,38,MID,0,,44.0,0.0
490,15,10,374,2025-26,38,MID,0,,59.0,0.0
484,15,10,374,2025-26,38,DEF,0,,40.0,0.0
482,15,10,374,2025-26,38,DEF,0,,39.0,0.0
302,9,18,379,2025-26,38,MID,0,,54.0,0.0
62,2,13,376,2025-26,38,MID,0,,45.0,0.0
63,2,13,376,2025-26,38,MID,0,,43.0,0.0
297,9,18,379,2025-26,38,DEF,0,,38.0,0.0
60,2,13,376,2025-26,38,MID,0,,44.0,0.0
61,2,13,376,2025-26,38,MID,0,,45.0,0.0
88,4,16,377,2025-26,38,MID,0,,49.0,0.0
87,4,16,377,2025-26,38,MID,0,,49.0,0.0
89,4,16,377,2025-26,38,MID,0,,49.0,0.0
92,4,16,377,2025-26,38,MID,0,,45.0,0.0
93,4,16,377,2025-26,38,MID,0,,45.0,0.0
95,4,16,377,2025-26,38,MID,0,,44.0,0.0
664,10,15,374,2025-26,38,GK,1,,39.0,0.0
765,15,10,374,2025-26,38,DEF,0,,40.0,0.0
80,4,16,377,2025-26,38,DEF,0,,39.0,0.0
296,9,18,379,2025-26,38,DEF,0,,44.0,0.0
812,17,7,378,2025-26,38,GK,1,,40.0,0.0
65,2,13,376,2025-26,38,FWD,0,,45.0,0.0
713,4,16,377,2025-26,38,DEF,0,,45.0,0.0
685,4,16,377,2025-26,38,DEF,0,,41.0,0.0
445,14,6,371,2025-26,38,DEF,0,,40.0,0.0
439,14,6,371,2025-26,38,DEF,0,,41.0,0.0
114,5,12,375,2025-26,38,DEF,0,,38.0,0.0
109,5,12,375,2025-26,38,DEF,0,,43.0,0.0
115,5,12,375,2025-26,38,DEF,0,,40.0,0.0
117,5,12,375,2025-26,38,DEF,0,,39.0,0.0
599,18,9,379,2025-26,38,FWD,1,,43.0,0.0
705,9,18,379,2025-26,38,DEF,0,,39.0,0.0
190,3,20,372,2025-26,38,DEF,1,,38.0,0.0
788,14,6,371,2025-26,38,DEF,0,,40.0,0.0
769,14,6,371,2025-26,38,MID,0,,45.0,0.0
794,13,2,376,2025-26,38,DEF,1,,39.0,0.0
347,11,19,380,2025-26,38,DEF,0,,38.0,0.0
804,18,9,379,2025-26,38,DEF,1,,40.0,0.0
750,18,9,379,2025-26,38,DEF,1,,40.0,0.0
717,18,9,379,2025-26,38,MID,1,,63.0,0.0
598,18,9,379,2025-26,38,FWD,1,,45.0,0.0
313,9,18,379,2025-26,38,FWD,0,,44.0,0.0
264,8,1,373,2025-26,38,DEF,1,,40.0,0.0
265,8,1,373,2025-26,38,DEF,1,,40.0,0.0
773,8,1,373,2025-26,38,DEF,1,,40.0,0.0
780,8,1,373,2025-26,38,FWD,1,,45.0,0.0
79,4,16,377,2025-26,38,DEF,0,,40.0,0.0
78,4,16,377,2025-26,38,DEF,0,,38.0,0.0
740,13,2,376,2025-26,38,DEF,1,,39.0,0.0
739,13,2,376,2025-26,38,MID,1,,44.0,0.0
710,2,13,376,2025-26,38,DEF,0,,39.0,0.0
701,2,13,376,2025-26,38,DEF,0,,40.0,0.0
317,10,15,374,2025-26,38,DEF,1,,44.0,0.0
328,10,15,374,2025-26,38,MID,1,,54.0,0.0
793,8,1,373,2025-26,38,DEF,1,,40.0,0.0
798,8,1,373,2025-26,38,DEF,1,,40.0,0.0
286,8,1,373,2025-26,38,FWD,1,,44.0,0.0
285,8,1,373,2025-26,38,FWD,1,,50.0,0.0
781,2,13,376,2025-26,38,DEF,0,,40.0,0.0
768,2,13,376,2025-26,38,DEF,0,,40.0,0.0
754,2,13,376,2025-26,38,MID,0,,45.0,0.0
157,6,14,371,2025-26,38,MID,1,,61.0,0.0
759,1,8,373,2025-26,38,DEF,0,,40.0,0.0
349,11,19,380,2025-26,38,DEF,0,,40.0,0.0
