Episode,Reward,Loss,Epsilon
1,52.666666666666664,0.0,1.0
2,47.166666666666664,0.0,1.0
3,51.666666666666664,0.0,1.0
4,50.16666666666667,0.0,1.0
5,52.66666666666667,0.0,1.0
6,61.166666666666664,0.0,1.0
7,54.33333333333333,29.807325090680802,0.9860837205593285
8,53.333333333333336,24.57511501312256,0.9665385978827737
9,54.33333333333333,19.416425704956055,0.9473808782354717
10,53.83333333333334,18.92667622566223,0.9286028829187744
11,51.166666666666664,8.038211703300476,0.9101970854331864
12,54.0,21.738074350357056,0.8921561084616334
13,57.16666666666667,13.43648567199707,0.8744727209125218
14,53.33333333333333,17.925197744369505,0.857139835021412
15,51.49999999999999,28.279269218444824,0.8401505035101353
16,52.5,22.90456666946411,0.823497916802223
17,51.83333333333333,42.62575893402099,0.8071754002935261
18,52.5,45.3762020111084,0.7911764116769353
19,58.33333333333334,43.651206970214844,0.7754945383201266
20,51.333333333333336,52.626826477050784,0.7601234946952835
21,55.333333333333336,52.648990631103516,0.7450571198597635
22,49.833333333333336,63.419746017456056,0.7302893749867018
23,56.666666666666664,72.19903221130372,0.7158143409445584
24,53.166666666666664,83.86282577514649,0.7016262159246435
25,50.50000000000001,96.85091972351074,0.6877193131156653
26,50.333333333333336,89.33622436523437,0.6740880584243727
27,51.83333333333333,126.6576992034912,0.6607269882413744
28,53.0,141.7752456665039,0.6476307472512451
29,57.66666666666667,132.72308883666992,0.6347940862860335
30,50.83333333333333,170.2142776489258,0.6222118602213194
31,53.833333333333336,188.8503204345703,0.6098790259139696
32,54.0,245.0161575317383,0.5977906401807734
33,49.83333333333333,280.0460861206055,0.5859418578171399
34,53.666666666666664,337.1386459350586,0.5743279296550683
35,50.666666666666664,325.4150588989258,0.5629442006596105
36,52.16666666666667,269.3636444091797,0.5517861080630647
37,54.99999999999999,337.0740249633789,0.5408491795361501
38,54.666666666666664,362.5729217529297,0.5301290313954304
39,50.83333333333334,372.15355224609374,0.5196213668462686
40,52.83333333333334,423.86021423339844,0.5093219742606079
41,55.50000000000001,489.570703125,0.4992267254888887
42,51.166666666666664,489.5966148376465,0.48933157420542517
43,60.833333333333336,495.1903106689453,0.47963255428657714
44,53.00000000000001,501.38177490234375,0.47012577822106927
45,51.666666666666664,598.0835357666016,0.46080743555181836
46,50.166666666666664,507.00318908691406,0.4516737913486464
47,49.833333333333336,654.95888671875,0.4427211847112641
48,55.666666666666664,621.5247039794922,0.43394602730192866
49,53.0,620.5176177978516,0.4253448019071833
50,52.00000000000001,822.0345336914063,0.4169140610281074
51,60.0,604.823486328125,0.40865042549850655
52,63.5,1111.0327575683593,0.4005505831304933
53,52.33333333333333,1043.8514587402344,0.3926112873869124
54,51.166666666666664,1144.3528442382812,0.3848293560800811
55,54.66666666666666,1631.34697265625,0.37720167009632055
56,55.333333333333336,1162.0453369140625,0.36972517214576905
57,61.33333333333334,2248.058642578125,0.3623968655369748
58,57.0,2239.031213378906,0.3552138129757769
59,54.16666666666667,2046.4435913085938,0.34817313538799527
60,53.666666666666664,2953.7980224609373,0.34127201076545394
61,63.5,2167.729345703125,0.3345076730348788
62,59.0,4998.938330078125,0.32787741094921413
63,58.83333333333333,4192.99599609375,0.3213785670009146
64,58.00000000000001,6114.1995849609375,0.3150085363567769
65,57.666666666666664,9236.017626953126,0.30876476581388335
66,50.16666666666667,7180.751806640625,0.30264475277624087
67,55.166666666666664,15552.71650390625,0.296646044251703
68,61.833333333333336,12591.4734375,0.2907662358687743
69,53.833333333333336,20307.075390625,0.2850029709129025
70,60.16666666666667,27724.5484375,0.2793539393818723
71,58.833333333333336,19473.4357421875,0.2738168770599221
72,60.666666666666664,43842.6529296875,0.2683895646102127
73,57.83333333333334,37639.3109375,0.2630698266852845
74,58.5,51781.4841796875,0.25785553105514525
75,60.0,87662.7296875,0.25274458775264114
76,50.50000000000001,63615.092578125,0.2477349482357666
77,59.5,120149.39375,0.24282460456657842
78,57.166666666666664,127686.18671875,0.23801158860638427
79,54.833333333333336,160160.7234375,0.2332939712268835
80,60.5,227612.31875,0.22866986153694388
81,64.5,201957.890625,0.22413740612470434
82,61.0,325781.53515625,0.21969478831470007
83,69.66666666666666,348588.459375,0.21534022743971176
84,64.5,400248.0015625,0.21107197812704787
85,61.0,505208.05,0.20688832959897338
86,68.0,368517.3921875,0.20278760498700457
87,64.5,619407.25,0.1987681606597951
88,58.50000000000001,574997.446875,0.19482838556434456
89,60.5,673480.165625,0.19096670058026402
90,59.66666666666667,875140.28125,0.18718155788684138
91,59.5,769753.1375,0.1834714403426517
92,62.5,1165020.00625,0.17983486087746461
93,58.83333333333333,1192483.1375,0.17627036189620413
94,59.33333333333333,1520646.05,0.1727765146947233
95,62.16666666666667,1685599.76875,0.16935191888715792
96,56.166666666666664,1689168.45,0.16599520184463137
97,64.5,2318487.9125,0.1627050181450845
98,60.666666666666664,2248771.675,0.15948004903401053
99,53.666666666666664,2260188.9625,0.15631900189587844
100,64.5,3109180.0875,0.15322060973603369
101,59.666666666666664,2902046.325,0.15018363067286786
102,55.5,4279075.9625,0.14720684744005408
103,64.5,3520128.95,0.14428906689864854
104,64.5,4770884.725,0.14142911955886275
105,67.83333333333334,5637794.2,0.13862585911131461
106,60.99999999999999,5309500.35,0.13587816196757047
107,62.66666666666667,7748821.375,0.13318492680979446
108,64.5,7834634.6,0.1305450741493238
109,64.5,7282995.2,0.12795754589399347
110,64.5,10044095.45,0.1254213049240377
111,64.5,10139070.6,0.12293533467639643
112,60.5,15994576.05,0.12049863873726199
113,64.5,12468228.05,0.11811024044270164
114,58.333333333333336,16059583.1,0.11576918248719602
115,60.666666666666664,20690938.1,0.11347452653993707
116,64.5,18342508.0,0.1112253528687309
117,64.5,28824072.3,0.10902075997135566
118,60.33333333333333,26502140.4,0.10685986421422587
119,70.5,28505702.0,0.10474179947821913
120,64.5,42535154.2,0.10266571681152252
121,64.5,36297940.0,0.1006307840893603
122,63.5,56467796.4,0.09863618568046575
123,64.5,49468467.2,0.09668112212016418
124,63.5,51621938.2,0.09476480978993551
125,64.5,74551591.6,0.09288648060332844
126,62.66666666666667,59614734.8,0.09104538169809986
127,64.0,86250411.6,0.0892407751344566
128,64.5,88034621.6,0.08747193759927811
129,60.66666666666667,69749046.4,0.0857381601162018
130,60.5,103251160.4,0.08403874776145495
131,62.66666666666667,92123507.2,0.08237301938531869
132,64.5,135881865.2,0.08074030733911326
133,62.66666666666667,113628010.8,0.0791399572075944
134,64.5,154238708.0,0.07757132754665408
135,64.5,224524665.6,0.0760337896262201
136,64.5,194669557.6,0.07452672717825178
137,64.5,261775571.2,0.07304953614973056
138,57.66666666666667,255017134.4,0.07160162446054656
139,64.5,264691939.2,0.0701824117661841
140,64.5,342324054.4,0.06879132922511094
141,64.5,335329300.8,0.06742781927077823
142,62.333333333333336,397745737.6,0.06609133538813955
143,64.5,344909440.0,0.06478134189459947
144,59.666666666666664,395821228.8,0.06349731372530407
145,60.83333333333333,502407617.6,0.06223873622268715
146,62.83333333333333,434434931.2,0.06100510493018781
147,68.66666666666666,508009465.6,0.059795925390056785
148,64.0,531025126.4,0.0586107129451704
149,64.5,490779344.0,0.05744899254477285
150,65.33333333333333,573430224.0,0.05631029855406873
151,64.5,546218451.2,0.05519417456758975
152,59.00000000000001,634745779.2,0.054100173226260616
153,66.0,512166896.0,0.05302785603809089
154,64.5,651393280.0,0.05197679320242082
155,64.5,836004518.4,0.05094656343765094
156,64.5,819618531.2,0.05
157,64.5,819707161.6,0.05
158,64.0,652193232.0,0.05
159,64.5,869309385.6,0.05
160,62.0,978381798.4,0.05
161,64.5,860495001.6,0.05
162,64.5,778574828.8,0.05
163,64.5,1123383091.2,0.05
164,65.33333333333333,926828284.8,0.05
165,64.5,1017843027.2,0.05
166,64.5,838287798.4,0.05
167,64.5,988607948.8,0.05
168,62.833333333333336,1011177702.4,0.05
169,62.0,904202454.4,0.05
170,65.83333333333333,951830809.6,0.05
171,64.5,939426790.4,0.05
172,64.5,850585452.8,0.05
173,63.83333333333333,798677548.8,0.05
174,64.5,938692352.0,0.05
175,63.333333333333336,892967731.2,0.05
176,64.5,845958009.6,0.05
177,60.5,898026982.4,0.05
178,60.5,1055008601.6,0.05
179,63.16666666666667,945659296.0,0.05
180,64.5,1024755872.0,0.05
181,64.5,899058425.6,0.05
182,60.66666666666667,901102803.2,0.05
183,59.833333333333336,900991692.8,0.05
184,59.166666666666664,969724454.4,0.05
185,64.5,961179302.4,0.05
186,62.99999999999999,879210931.2,0.05
187,64.5,925215641.6,0.05
188,64.5,905704896.0,0.05
189,64.5,879930483.2,0.05
190,60.0,992042483.2,0.05
191,64.5,868454675.2,0.05
192,64.5,821750739.2,0.05
193,63.666666666666664,828245228.8,0.05
194,63.66666666666668,891930150.4,0.05
195,63.666666666666664,843767782.4,0.05
196,64.0,887057779.2,0.05
197,63.666666666666664,855228614.4,0.05
198,68.16666666666667,928770976.0,0.05
199,60.166666666666664,907770841.6,0.05
200,59.666666666666664,887350707.2,0.05
201,63.666666666666664,901201120.0,0.05
202,59.49999999999999,925719372.8,0.05
203,63.666666666666664,926279731.2,0.05
204,63.666666666666664,845783539.2,0.05
205,63.166666666666664,913013888.0,0.05
206,62.16666666666666,918045216.0,0.05
207,62.166666666666664,893688064.0,0.05
208,62.83333333333333,896237926.4,0.05
209,63.666666666666664,861053836.8,0.05
210,59.99999999999999,912316582.4,0.05
211,63.666666666666664,906326739.2,0.05
212,60.49999999999999,895698355.2,0.05
213,63.666666666666664,904821152.0,0.05
214,63.666666666666664,860727987.2,0.05
215,65.5,958216992.0,0.05
216,63.666666666666664,908486777.6,0.05
217,63.666666666666664,947096000.0,0.05
218,63.666666666666664,878323744.0,0.05
219,63.833333333333336,860829152.0,0.05
220,61.66666666666667,955428704.0,0.05
221,55.49999999999999,928957075.2,0.05
222,63.666666666666664,941036448.0,0.05
223,63.666666666666664,898434208.0,0.05
224,63.666666666666664,953741260.8,0.05
225,62.5,917747609.6,0.05
226,63.666666666666664,921607724.8,0.05
227,64.0,931447993.6,0.05
228,64.0,966660614.4,0.05
229,62.333333333333336,932300364.8,0.05
230,62.333333333333336,945778214.4,0.05
231,59.5,949761964.8,0.05
232,62.333333333333336,918746028.8,0.05
233,62.333333333333336,983070278.4,0.05
234,60.33333333333333,958458476.8,0.05
235,62.833333333333336,1021247385.6,0.05
236,62.833333333333336,922000128.0,0.05
237,61.333333333333336,900880652.8,0.05
238,62.5,888487923.2,0.05
239,62.5,873474406.4,0.05
240,61.83333333333333,881639225.6,0.05
241,62.833333333333336,881492710.4,0.05
242,59.16666666666667,839201203.2,0.05
243,62.5,870002790.4,0.05
244,62.833333333333336,832543558.4,0.05
245,59.5,925126048.0,0.05
246,58.5,768174022.4,0.05
247,59.833333333333336,811760268.8,0.05
248,59.833333333333336,909397689.6,0.05
249,59.833333333333336,844998406.4,0.05
250,59.833333333333336,877406112.0,0.05
251,59.833333333333336,814978912.0,0.05
252,59.833333333333336,829855750.4,0.05
253,59.833333333333336,804016262.4,0.05
254,59.833333333333336,839001990.4,0.05
255,59.666666666666664,829234860.8,0.05
256,59.833333333333336,801273158.4,0.05
257,55.833333333333336,734616403.2,0.05
258,59.833333333333336,809317900.8,0.05
259,57.666666666666664,778657190.4,0.05
260,59.0,791647302.4,0.05
261,57.833333333333336,690848710.4,0.05
262,59.5,855280064.0,0.05
263,54.166666666666664,724208192.0,0.05
264,56.333333333333336,676495366.4,0.05
265,59.5,680402598.4,0.05
266,57.5,758293830.4,0.05
267,59.5,735263545.6,0.05
268,59.5,739376259.2,0.05
269,59.5,679009856.0,0.05
270,57.0,666195123.2,0.05
271,57.0,714920652.8,0.05
272,57.0,672370649.6,0.05
273,60.5,688048544.0,0.05
274,59.166666666666664,646583129.6,0.05
275,58.99999999999999,657129036.8,0.05
276,59.666666666666664,688558342.4,0.05
277,59.5,632072598.4,0.05
278,59.99999999999999,607555888.0,0.05
279,59.5,626330528.0,0.05
280,55.83333333333333,629296185.6,0.05
281,55.5,653467219.2,0.05
282,58.99999999999999,622648710.4,0.05
283,58.99999999999999,550144796.8,0.05
284,57.166666666666664,579005206.4,0.05
285,58.99999999999999,610404649.6,0.05
286,52.50000000000001,567289664.0,0.05
287,57.33333333333334,586275868.8,0.05
288,58.99999999999999,579360960.0,0.05
289,58.99999999999999,568447401.6,0.05
290,61.999999999999986,627960060.8,0.05
291,58.99999999999999,668034870.4,0.05
292,58.99999999999999,605065228.8,0.05
293,58.99999999999999,588889036.8,0.05
294,59.33333333333333,614171398.4,0.05
295,58.83333333333333,582094019.2,0.05
296,58.83333333333333,616109510.4,0.05
297,54.99999999999999,597510627.2,0.05
298,59.5,618222028.8,0.05
299,61.49999999999999,609782988.8,0.05
300,59.166666666666664,641752966.4,0.05
301,58.83333333333333,639138854.4,0.05
302,58.83333333333333,668533932.8,0.05
303,58.83333333333333,620775635.2,0.05
304,58.83333333333333,608188880.0,0.05
305,58.83333333333333,659199782.4,0.05
306,62.0,643347750.4,0.05
307,59.166666666666664,653196358.4,0.05
308,58.83333333333333,635676265.6,0.05
309,59.0,557014265.6,0.05
310,59.5,700159107.2,0.05
311,60.333333333333336,609699961.6,0.05
312,59.0,639187520.0,0.05
313,59.166666666666664,599673955.2,0.05
314,59.166666666666664,669738387.2,0.05
315,58.333333333333336,660005059.2,0.05
316,59.166666666666664,660431004.8,0.05
317,54.666666666666664,708971568.0,0.05
318,59.166666666666664,758890016.0,0.05
319,59.33333333333333,735999776.0,0.05
320,59.166666666666664,698667680.0,0.05
321,59.166666666666664,723817958.4,0.05
322,59.166666666666664,753840988.8,0.05
323,59.0,796142457.6,0.05
324,56.833333333333336,906424940.8,0.05
325,56.66666666666666,777762726.4,0.05
326,59.0,727205318.4,0.05
327,59.0,756547059.2,0.05
328,59.0,725431283.2,0.05
329,63.33333333333333,816050438.4,0.05
330,59.0,921461177.6,0.05
331,55.00000000000001,798258668.8,0.05
332,59.666666666666664,874233420.8,0.05
333,59.666666666666664,880397542.4,0.05
334,61.0,940962886.4,0.05
335,59.666666666666664,869330316.8,0.05
336,59.99999999999999,802645913.6,0.05
337,59.666666666666664,946627385.6,0.05
338,59.5,939815014.4,0.05
339,59.666666666666664,884342649.6,0.05
340,59.666666666666664,1050476256.0,0.05
341,55.0,978890393.6,0.05
342,57.0,1076967955.2,0.05
343,56.666666666666664,962374182.4,0.05
344,59.666666666666664,962887430.4,0.05
345,59.666666666666664,995579315.2,0.05
346,59.666666666666664,924093427.2,0.05
347,61.333333333333336,1074562886.4,0.05
348,59.666666666666664,864089606.4,0.05
349,59.666666666666664,1039362176.0,0.05
350,59.666666666666664,993102905.6,0.05
351,59.666666666666664,1051504556.8,0.05
352,61.00000000000001,1104447244.8,0.05
353,59.666666666666664,1147430112.0,0.05
354,59.666666666666664,1049602912.0,0.05
355,61.5,1070436211.2,0.05
356,59.666666666666664,939506924.8,0.05
357,59.833333333333336,1145162041.6,0.05
358,59.833333333333336,1002329760.0,0.05
359,59.0,1031706464.0,0.05
360,59.0,1085048160.0,0.05
361,59.0,1054635392.0,0.05
362,59.0,1159451020.8,0.05
363,55.666666666666664,1132955084.8,0.05
364,59.0,1014590988.8,0.05
365,59.0,1151210092.8,0.05
366,52.333333333333336,1010391737.6,0.05
367,59.0,1115999788.8,0.05
368,59.0,1170834131.2,0.05
369,61.33333333333333,1044205555.2,0.05
370,59.5,1145147980.8,0.05
371,58.166666666666664,1014318636.8,0.05
372,59.5,1162225516.8,0.05
373,59.5,1090935500.8,0.05
374,59.5,1036791852.8,0.05
375,59.5,1307583059.2,0.05
376,58.66666666666666,1164751014.4,0.05
377,58.66666666666666,1224459353.6,0.05
378,59.5,1209695001.6,0.05
379,59.5,1139713292.8,0.05
380,59.5,997758080.0,0.05
381,59.5,1035433388.8,0.05
382,57.833333333333336,1325696704.0,0.05
383,59.5,1128401459.2,0.05
384,58.66666666666666,989470201.6,0.05
385,59.5,1117735910.4,0.05
386,59.5,1001221081.6,0.05
387,59.0,1014608140.8,0.05
388,59.5,1200634841.6,0.05
389,58.66666666666666,1044962227.2,0.05
390,59.33333333333333,1270656972.8,0.05
391,58.66666666666666,969213280.0,0.05
392,57.99999999999999,1241240275.2,0.05
393,54.833333333333336,1187424806.4,0.05
394,55.333333333333336,1067008345.6,0.05
395,58.66666666666666,1160401004.8,0.05
396,56.83333333333333,991443712.0,0.05
397,52.83333333333333,1005509017.6,0.05
398,58.66666666666666,1035457811.2,0.05
399,58.33333333333333,1029828748.8,0.05
400,58.33333333333333,1180456326.4,0.05
401,58.33333333333333,986307315.2,0.05
402,58.166666666666664,1095814112.0,0.05
403,58.33333333333333,1137388243.2,0.05
404,58.33333333333333,818042112.0,0.05
405,57.99999999999999,941075596.8,0.05
406,58.33333333333333,845866931.2,0.05
407,58.33333333333333,1106844358.4,0.05
408,58.33333333333333,881301516.8,0.05
409,58.33333333333333,828726086.4,0.05
410,53.5,903666444.8,0.05
411,58.33333333333333,955033017.6,0.05
412,56.83333333333333,825810649.6,0.05
413,58.33333333333333,911686316.8,0.05
414,58.33333333333333,971814073.6,0.05
415,56.666666666666664,916501593.6,0.05
416,55.833333333333336,733260985.6,0.05
417,53.0,761741168.0,0.05
418,56.666666666666664,781597049.6,0.05
419,60.666666666666664,837991673.6,0.05
420,56.5,902712883.2,0.05
421,57.5,841563948.8,0.05
422,56.166666666666664,879417708.8,0.05
423,56.166666666666664,794553948.8,0.05
424,56.166666666666664,724381097.6,0.05
425,56.83333333333333,718685881.6,0.05
426,56.166666666666664,706675587.2,0.05
427,58.83333333333333,629152998.4,0.05
428,59.66666666666667,606942457.6,0.05
429,58.83333333333333,734269699.2,0.05
430,58.83333333333333,709700684.8,0.05
431,58.99999999999999,755280121.6,0.05
432,55.0,600601001.6,0.05
433,57.166666666666664,643424435.2,0.05
434,58.83333333333333,641918518.4,0.05
435,58.0,737209139.2,0.05
436,56.666666666666664,593668163.2,0.05
437,58.0,578193952.0,0.05
438,56.666666666666664,548262944.0,0.05
439,59.666666666666664,606114160.0,0.05
440,53.666666666666664,691562649.6,0.05
441,53.666666666666664,588405177.6,0.05
442,53.666666666666664,564217833.6,0.05
443,53.666666666666664,716957580.8,0.05
444,56.99999999999999,672108076.8,0.05
445,59.166666666666664,580731097.6,0.05
446,58.166666666666664,530386083.2,0.05
447,56.33333333333333,508283638.4,0.05
448,56.33333333333333,499419408.0,0.05
449,55.666666666666664,581708944.0,0.05
450,55.666666666666664,409611737.6,0.05
451,56.33333333333333,459732569.6,0.05
452,56.33333333333333,411397689.6,0.05
453,56.166666666666664,480657966.4,0.05
454,58.16666666666667,502977398.4,0.05
455,55.83333333333333,467563376.0,0.05
456,60.166666666666664,414662659.2,0.05
457,54.833333333333336,437160777.6,0.05
458,55.83333333333333,437191299.2,0.05
459,55.666666666666664,417764936.0,0.05
460,56.33333333333333,458803929.6,0.05
461,55.83333333333333,355690724.8,0.05
462,55.83333333333333,377045308.8,0.05
463,55.83333333333333,342140438.4,0.05
464,53.33333333333333,342983913.6,0.05
465,55.83333333333333,287895827.2,0.05
466,54.666666666666664,297238832.0,0.05
467,54.833333333333336,389698496.0,0.05
468,55.33333333333333,307927787.2,0.05
469,55.83333333333333,303063508.8,0.05
470,51.5,337101260.8,0.05
471,54.5,299763161.6,0.05
472,51.5,313790563.2,0.05
473,51.166666666666664,286206689.6,0.05
474,53.66666666666666,245165529.6,0.05
475,51.166666666666664,241538601.6,0.05
476,57.83333333333333,205677435.2,0.05
477,51.166666666666664,327273297.6,0.05
478,51.166666666666664,266489459.2,0.05
479,51.166666666666664,267843894.4,0.05
480,54.166666666666664,178867759.2,0.05
481,55.83333333333333,219542968.0,0.05
482,55.83333333333333,192350024.8,0.05
483,51.5,196031352.0,0.05
484,55.83333333333333,214985697.6,0.05
485,55.83333333333333,221025464.0,0.05
486,51.5,175058430.4,0.05
487,51.5,153395656.8,0.05
488,54.666666666666664,207821483.2,0.05
489,55.83333333333333,165536166.4,0.05
490,56.16666666666666,196969596.0,0.05
491,55.83333333333333,176560237.6,0.05
492,55.83333333333333,167697360.0,0.05
493,56.33333333333333,231241722.4,0.05
494,56.33333333333333,164504224.0,0.05
495,54.0,168037404.0,0.05
496,56.33333333333333,135842188.0,0.05
497,56.0,147018963.2,0.05
498,55.0,130388375.2,0.05
499,56.33333333333333,139881678.4,0.05
500,56.33333333333333,135953690.4,0.05
501,56.33333333333333,154302695.2,0.05
502,56.33333333333333,189721461.6,0.05
503,55.0,148960807.2,0.05
504,56.33333333333333,122056775.2,0.05
505,56.33333333333333,151728612.0,0.05
506,56.33333333333333,122829655.2,0.05
507,56.33333333333333,134472236.8,0.05
508,55.5,122018144.0,0.05
509,56.49999999999999,120294741.6,0.05
510,55.83333333333333,131166596.0,0.05
511,56.33333333333333,126013094.4,0.05
512,51.83333333333333,163179297.6,0.05
513,56.33333333333333,105815309.6,0.05
514,55.33333333333333,117984798.4,0.05
515,56.33333333333333,139843749.6,0.05
516,56.33333333333333,106726951.2,0.05
517,51.333333333333336,140243688.8,0.05
518,56.33333333333333,112817694.4,0.05
519,56.33333333333333,103127981.6,0.05
520,56.33333333333333,123424664.8,0.05
521,56.33333333333333,118263605.6,0.05
522,56.33333333333333,150795986.4,0.05
523,56.33333333333333,94399168.8,0.05
524,56.33333333333333,95538324.0,0.05
525,56.33333333333333,91696198.4,0.05
526,56.33333333333333,100325659.6,0.05
527,56.33333333333333,119399802.8,0.05
528,55.99999999999999,97637924.4,0.05
529,56.33333333333333,87363048.4,0.05
530,55.666666666666664,108384312.8,0.05
531,56.33333333333333,89194565.2,0.05
532,52.166666666666664,105760486.4,0.05
533,58.83333333333333,92240008.8,0.05
534,58.83333333333333,84921894.4,0.05
535,58.83333333333333,90715292.0,0.05
536,58.83333333333333,93869124.4,0.05
537,55.666666666666664,85268242.8,0.05
538,58.83333333333333,67244529.6,0.05
539,58.83333333333333,85961025.6,0.05
540,58.83333333333333,75160932.8,0.05
541,54.666666666666664,80199741.2,0.05
542,56.0,86435575.2,0.05
543,58.83333333333333,95557584.8,0.05
544,59.33333333333333,72555247.2,0.05
545,58.83333333333333,84035364.0,0.05
546,58.83333333333333,86599399.6,0.05
547,55.33333333333333,74840044.8,0.05
548,58.83333333333333,60921204.0,0.05
549,58.83333333333333,74429547.6,0.05
550,58.83333333333333,80954818.8,0.05
551,58.83333333333333,69058141.6,0.05
552,58.83333333333333,77370791.6,0.05
553,58.83333333333333,75823097.2,0.05
554,60.5,57664189.6,0.05
555,58.83333333333333,57593151.2,0.05
556,59.5,66175877.2,0.05
557,59.5,67789223.6,0.05
558,60.0,74773914.0,0.05
559,59.5,61566549.2,0.05
560,55.66666666666667,72387973.2,0.05
561,59.5,55598457.6,0.05
562,59.5,59280249.6,0.05
563,59.5,56960006.8,0.05
564,59.5,63369605.6,0.05
565,59.5,56136560.8,0.05
566,55.83333333333333,55854281.6,0.05
567,59.5,55746031.6,0.05
568,59.5,56997749.6,0.05
569,60.5,54215807.0,0.05
570,59.5,59946236.0,0.05
571,59.5,44253063.8,0.05
572,59.5,51271056.4,0.05
573,57.5,49944370.8,0.05
574,59.5,50944829.2,0.05
575,59.5,50937054.0,0.05
576,59.5,50038767.8,0.05
577,59.833333333333336,66151428.4,0.05
578,59.33333333333333,49567381.4,0.05
579,54.0,46229666.8,0.05
580,59.5,43507440.4,0.05
581,60.5,53471949.8,0.05
582,59.5,42373926.2,0.05
583,59.5,42754142.6,0.05
584,57.5,52423504.8,0.05
585,55.5,44392279.4,0.05
586,59.5,55191202.4,0.05
587,59.5,50134765.6,0.05
588,59.5,52080008.8,0.05
589,59.5,39640484.0,0.05
590,59.33333333333333,46858972.4,0.05
591,59.5,58467217.6,0.05
592,59.5,43393983.2,0.05
593,59.5,43005916.6,0.05
594,55.5,45529238.0,0.05
595,56.333333333333336,39978354.2,0.05
596,56.333333333333336,41317001.8,0.05
597,59.5,50136301.2,0.05
598,60.166666666666664,41172821.6,0.05
599,56.0,36007305.6,0.05
600,59.833333333333336,39995818.2,0.05
601,59.5,39945592.8,0.05
602,59.5,41905081.8,0.05
603,55.66666666666667,35682683.6,0.05
604,55.66666666666667,40250077.0,0.05
605,59.5,48842940.4,0.05
606,59.5,43396778.2,0.05
607,59.5,41301962.0,0.05
608,59.5,40439993.4,0.05
609,63.0,38364003.2,0.05
610,59.5,48287158.8,0.05
611,59.0,36673352.0,0.05
612,63.0,37314973.4,0.05
613,63.0,35499266.2,0.05
614,63.0,41145271.6,0.05
615,63.0,36890107.0,0.05
616,63.0,40586935.2,0.05
617,59.333333333333336,40496074.6,0.05
618,62.666666666666664,39268961.6,0.05
619,59.33333333333333,37310277.6,0.05
620,60.16666666666667,30553982.0,0.05
621,63.0,37100467.9,0.05
622,63.0,41945958.6,0.05
623,59.5,36918629.8,0.05
624,63.0,37285758.0,0.05
625,63.0,37074154.8,0.05
626,63.0,32717311.0,0.05
627,59.5,34299059.8,0.05
628,62.666666666666664,37437294.4,0.05
629,63.0,35912710.6,0.05
630,59.0,32226955.4,0.05
631,61.33333333333333,27666175.6,0.05
632,60.66666666666667,35705554.6,0.05
633,59.16666666666667,30245996.6,0.05
634,63.0,34929720.8,0.05
635,63.0,30832205.2,0.05
636,63.0,35657299.8,0.05
637,59.33333333333333,36089816.6,0.05
638,63.0,33637517.8,0.05
639,63.0,38608792.2,0.05
640,61.66666666666667,35705282.6,0.05
641,63.5,32452150.0,0.05
642,63.0,35836478.2,0.05
643,63.333333333333336,33398278.2,0.05
644,59.33333333333333,39067897.0,0.05
645,63.0,36374624.0,0.05
646,59.33333333333333,30512086.2,0.05
647,63.0,30162113.0,0.05
648,63.0,30273400.4,0.05
649,58.83333333333333,26191660.8,0.05
650,59.166666666666664,28737031.4,0.05
651,63.0,28305207.4,0.05
652,62.833333333333336,29403254.2,0.05
653,63.0,34699910.2,0.05
654,63.0,37439612.8,0.05
655,57.66666666666667,29663492.2,0.05
656,63.0,25823772.3,0.05
657,63.0,37844051.2,0.05
658,63.0,24752034.8,0.05
659,63.0,31608314.2,0.05
660,63.0,29920590.0,0.05
661,58.83333333333333,32434608.2,0.05
662,61.16666666666667,36846639.6,0.05
663,63.0,28521668.8,0.05
664,63.0,33523585.6,0.05
665,63.0,31872255.8,0.05
666,59.5,26653505.8,0.05
667,63.0,33628172.4,0.05
668,63.0,32373409.2,0.05
669,63.0,27772719.5,0.05
670,63.0,25530866.2,0.05
671,63.0,24283720.7,0.05
672,63.0,30136548.2,0.05
673,63.0,24354894.3,0.05
674,63.666666666666664,24649033.4,0.05
675,63.0,21654703.6,0.05
676,63.0,18910907.0,0.05
677,60.166666666666664,24386850.4,0.05
678,63.0,27001579.2,0.05
679,64.0,25491729.3,0.05
680,58.83333333333333,20722772.9,0.05
681,60.16666666666667,25848269.9,0.05
682,59.33333333333333,27974846.5,0.05
683,64.0,22694744.2,0.05
684,59.5,24346141.2,0.05
685,64.0,22254665.8,0.05
686,60.0,19558895.0,0.05
687,63.666666666666664,21499681.8,0.05
688,64.0,19738297.1,0.05
689,64.0,19984124.7,0.05
690,64.0,20862148.1,0.05
691,64.0,21416668.1,0.05
692,59.5,20738679.5,0.05
693,60.5,20599298.6,0.05
694,64.0,20966986.7,0.05
695,60.33333333333333,22141892.4,0.05
696,64.0,18437065.4,0.05
697,64.0,23106912.0,0.05
698,62.5,21060050.9,0.05
699,60.33333333333333,20844192.6,0.05
700,59.5,21767996.6,0.05
701,62.666666666666664,18232954.1,0.05
702,64.0,18108911.4,0.05
703,56.166666666666664,24642897.5,0.05
704,64.0,18689060.5,0.05
705,64.0,18051156.6,0.05
706,64.0,15602401.2,0.05
707,64.0,16052534.5,0.05
708,64.0,21373441.4,0.05
709,62.33333333333333,18644698.6,0.05
710,64.0,19575847.9,0.05
711,54.666666666666664,22627119.5,0.05
712,60.33333333333333,20042336.7,0.05
713,64.16666666666667,21171441.5,0.05
714,62.833333333333336,13363499.0,0.05
715,60.166666666666664,19457740.2,0.05
716,64.0,17829374.1,0.05
717,60.33333333333333,19226772.3,0.05
718,64.0,15919338.4,0.05
719,64.0,21886647.8,0.05
720,64.0,16657220.2,0.05
721,64.0,18030628.35,0.05
722,64.0,19661159.2,0.05
723,64.0,17789454.1,0.05
724,60.33333333333333,22055594.4,0.05
725,64.0,15154807.35,0.05
726,60.166666666666664,15053417.6,0.05
727,64.0,18952078.6,0.05
728,53.00000000000001,14508024.2,0.05
729,64.0,13664828.3,0.05
730,57.33333333333333,16495922.1,0.05
731,64.0,16606107.4,0.05
732,57.333333333333336,19754751.2,0.05
733,64.0,16628828.8,0.05
734,64.0,14095068.9,0.05
735,60.0,16580405.7,0.05
736,59.83333333333333,13307854.8,0.05
737,64.0,17494964.6,0.05
738,64.0,15208818.8,0.05
739,62.16666666666667,16398091.8,0.05
740,64.0,16510591.2,0.05
741,59.5,15064766.1,0.05
742,64.0,17651573.4,0.05
743,60.16666666666667,15514577.7,0.05
744,64.0,13743395.1,0.05
745,64.0,14537840.05,0.05
746,64.0,12856728.7,0.05
747,64.0,14926562.8,0.05
748,64.0,12917820.5,0.05
749,64.0,16109928.95,0.05
750,60.66666666666667,11793325.45,0.05
751,64.0,11648602.85,0.05
752,63.0,16476997.2,0.05
753,64.0,13845902.45,0.05
754,64.0,12358954.3,0.05
755,64.16666666666667,14773769.6,0.05
756,64.0,12868772.6,0.05
757,64.0,14499561.2,0.05
758,61.33333333333333,15377028.1,0.05
759,62.5,12075283.9,0.05
760,64.0,16055001.55,0.05
761,64.0,11897868.85,0.05
762,59.5,17379518.85,0.05
763,64.0,11955254.95,0.05
764,60.16666666666667,15825568.5,0.05
765,57.166666666666664,12636440.1,0.05
766,64.0,13641422.65,0.05
767,64.0,12137691.15,0.05
768,60.666666666666664,9777392.2,0.05
769,64.0,13450824.8,0.05
770,64.0,11692137.15,0.05
771,64.0,12809800.6,0.05
772,64.0,9075013.75,0.05
773,64.0,11944538.9,0.05
774,64.0,11566202.9,0.05
775,64.0,11098851.3,0.05
776,59.83333333333333,10931196.1,0.05
777,60.0,10090950.75,0.05
778,64.0,13789495.35,0.05
779,64.0,9526585.05,0.05
780,64.0,9617147.9,0.05
781,54.666666666666664,10411485.1,0.05
782,64.0,13440358.5,0.05
783,59.5,10926783.45,0.05
784,62.5,12687034.2,0.05
785,55.83333333333333,10356295.55,0.05
786,64.0,8228332.65,0.05
787,55.833333333333336,11965686.45,0.05
788,64.0,11642066.05,0.05
789,64.0,9161361.15,0.05
790,64.0,11303142.25,0.05
791,64.0,9998302.9,0.05
792,59.5,11655441.625,0.05
793,62.666666666666664,7696966.275,0.05
794,59.49999999999999,13506524.15,0.05
795,64.0,9512207.35,0.05
796,64.0,11038113.525,0.05
797,64.0,11155137.125,0.05
798,64.0,10086767.4,0.05
799,62.5,12014256.35,0.05
800,64.0,11029074.2,0.05
801,64.0,12126364.4,0.05
802,64.0,8999366.1,0.05
803,62.83333333333333,11343088.6,0.05
804,64.0,9242233.25,0.05
805,64.0,12980080.4,0.05
806,59.33333333333333,9257364.75,0.05
807,60.0,10074320.4,0.05
808,55.49999999999999,7588362.55,0.05
809,58.83333333333333,9729016.575,0.05
810,64.0,9391944.45,0.05
811,61.83333333333333,10017800.025,0.05
812,64.0,11075944.55,0.05
813,64.0,8213780.725,0.05
814,64.5,6996586.7,0.05
815,62.5,7782727.7,0.05
816,59.83333333333333,11589695.6,0.05
817,64.0,10666820.1,0.05
818,64.0,11910438.8,0.05
819,60.83333333333333,8108209.75,0.05
820,64.0,8468351.95,0.05
821,60.33333333333333,10019146.25,0.05
822,53.5,10299204.85,0.05
823,60.16666666666667,9898493.0,0.05
824,64.0,8046691.25,0.05
825,60.16666666666667,9007927.55,0.05
826,64.0,9708348.3,0.05
827,64.0,8356884.3,0.05
828,64.0,8721358.75,0.05
829,64.0,7499655.3,0.05
830,59.666666666666664,11318585.6,0.05
831,60.33333333333333,7840697.925,0.05
832,64.0,7092365.325,0.05
833,60.5,11468001.45,0.05
834,60.33333333333333,8529264.45,0.05
835,64.0,9092755.45,0.05
836,57.16666666666667,7417874.15,0.05
837,64.0,8402068.2,0.05
838,64.0,7939426.5,0.05
839,60.33333333333333,8180509.375,0.05
840,60.0,9440770.475,0.05
841,64.0,6602629.925,0.05
842,62.833333333333336,7524118.1,0.05
843,60.0,9345898.3,0.05
844,62.833333333333336,8310889.675,0.05
845,60.16666666666667,9374274.35,0.05
846,59.5,11577017.45,0.05
847,64.0,7936420.6,0.05
848,59.83333333333333,8748281.25,0.05
849,64.0,9898171.8,0.05
850,64.0,7160520.525,0.05
851,63.833333333333336,8269891.25,0.05
852,64.0,8255147.625,0.05
853,64.0,6981808.35,0.05
854,64.0,7547401.05,0.05
855,64.0,7731706.4,0.05
856,64.0,6688261.175,0.05
857,64.0,9793529.85,0.05
858,64.0,7582789.4,0.05
859,58.33333333333333,6171358.6,0.05
860,64.0,5110345.1,0.05
861,60.33333333333333,7672746.5,0.05
862,64.0,9648975.4,0.05
863,64.0,8940143.175,0.05
864,64.0,6756515.825,0.05
865,64.0,8110530.9,0.05
866,64.0,7148923.575,0.05
867,64.0,7619296.075,0.05
868,60.0,7863318.5,0.05
869,64.0,6633736.525,0.05
870,64.0,8029649.8,0.05
871,58.5,6973863.775,0.05
872,64.0,8416917.85,0.05
873,62.0,6506761.475,0.05
874,64.0,8393324.975,0.05
875,56.166666666666664,7085539.8,0.05
876,61.66666666666667,5562831.825,0.05
877,64.0,8429722.875,0.05
878,64.0,4747626.275,0.05
879,64.0,7222042.8,0.05
880,58.33333333333333,7776126.075,0.05
881,62.5,5775973.8,0.05
882,64.0,7840722.775,0.05
883,60.166666666666664,6326637.25,0.05
884,61.0,6037946.65,0.05
885,64.0,6025926.575,0.05
886,63.666666666666664,7677098.075,0.05
887,64.0,5638390.025,0.05
888,59.83333333333333,6497645.8,0.05
889,63.0,7915218.1,0.05
890,64.5,9292411.2,0.05
891,64.5,5423764.025,0.05
892,64.0,6286871.6,0.05
893,59.66666666666667,5745751.35,0.05
894,62.66666666666667,6246297.95,0.05
895,64.0,6214894.475,0.05
896,63.0,5475047.85,0.05
897,60.0,6158683.0,0.05
898,60.33333333333333,5363845.475,0.05
899,64.5,8437071.75,0.05
900,64.5,5482976.075,0.05
901,64.5,6966262.625,0.05
902,64.5,5848492.65,0.05
903,64.5,5674997.725,0.05
904,60.666666666666664,4950454.125,0.05
905,64.5,6103374.4,0.05
906,64.5,5705444.775,0.05
907,64.5,4947407.875,0.05
908,64.5,6089876.95,0.05
909,64.5,5782346.1125,0.05
910,64.5,6701098.025,0.05
911,64.0,5221319.3,0.05
912,64.5,6411351.475,0.05
913,64.5,5060315.35,0.05
914,62.83333333333333,4452464.15,0.05
915,64.5,5212696.55,0.05
916,64.5,7726893.45,0.05
917,64.5,6595761.925,0.05
918,60.5,5335133.6,0.05
919,64.5,6908589.525,0.05
920,64.5,7100449.05,0.05
921,64.5,5931972.875,0.05
922,64.5,4484789.25,0.05
923,60.83333333333333,5902437.275,0.05
924,64.5,5496781.9,0.05
925,63.5,5868500.4875,0.05
926,64.5,5663142.95,0.05
927,64.5,3962473.8875,0.05
928,60.166666666666664,6097037.4,0.05
929,57.33333333333333,4375811.6,0.05
930,64.5,5771731.8625,0.05
931,64.5,6008681.4,0.05
932,64.5,5213073.8375,0.05
933,64.5,4867344.45,0.05
934,64.5,5676531.7,0.05
935,64.5,4988726.55,0.05
936,64.5,5982148.225,0.05
937,59.66666666666667,5820828.25,0.05
938,56.83333333333333,4582102.875,0.05
939,64.5,5383711.425,0.05
940,54.666666666666664,3289837.4,0.05
941,64.5,5903277.825,0.05
942,62.833333333333336,5027426.2,0.05
943,56.66666666666667,5317886.925,0.05
944,64.5,5181255.725,0.05
945,64.5,6226673.7875,0.05
946,62.833333333333336,5030058.0,0.05
947,64.5,4916540.6,0.05
948,64.5,4805314.275,0.05
949,64.5,3752853.6375,0.05
950,61.0,4609323.6,0.05
951,64.5,4434269.0125,0.05
952,62.5,5057422.575,0.05
953,64.5,5876853.45,0.05
954,58.83333333333333,5091678.5,0.05
955,64.5,4644885.275,0.05
956,62.00000000000001,3996469.65,0.05
957,64.5,5081126.6,0.05
958,64.5,4961808.675,0.05
959,64.5,4433217.675,0.05
960,60.16666666666667,4995164.75,0.05
961,60.5,4705555.15,0.05
962,62.66666666666667,4827532.425,0.05
963,64.5,4425792.75,0.05
964,60.5,4564593.825,0.05
965,64.5,4725328.7375,0.05
966,64.5,3672322.7375,0.05
967,60.5,4160013.475,0.05
968,64.5,3757346.7875,0.05
969,64.5,6178921.125,0.05
970,64.5,3448939.625,0.05
971,64.5,4508026.4625,0.05
972,64.5,4215515.0625,0.05
973,64.5,4006125.85,0.05
974,64.5,3828683.4,0.05
975,64.5,3980277.8375,0.05
976,59.66666666666667,3866132.5,0.05
977,64.5,4085749.2375,0.05
978,64.5,4587564.4625,0.05
979,62.83333333333333,3132121.2,0.05
980,64.5,4084294.05,0.05
981,64.5,3641802.6375,0.05
982,64.5,3399768.975,0.05
983,60.5,3970369.45,0.05
984,64.5,3879940.225,0.05
985,64.5,4420914.7625,0.05
986,64.5,3385756.9,0.05
987,64.5,3986824.425,0.05
988,60.5,3767109.7125,0.05
989,64.5,3216033.05,0.05
990,64.5,4486711.3125,0.05
991,64.5,4145731.9,0.05
992,64.5,2668551.35,0.05
993,64.5,3136261.275,0.05
994,60.83333333333333,2743553.13125,0.05
995,64.5,2608193.88125,0.05
996,56.5,2917798.5125,0.05
997,60.5,3469011.55,0.05
998,64.5,5334973.425,0.05
999,64.5,3297720.6625,0.05
1000,64.5,3159255.525,0.05
