gameweek,player_id,name,position,price,form,fixture_difficulty,predicted_points,actual_points
1,P01,Arjun,DEF,7.5,0.647,5,4.8,5
2,P01,Arjun,DEF,7.5,0.644,1,6.54,7
3,P01,Arjun,DEF,7.5,0.596,4,6.64,5
4,P01,Arjun,DEF,7.5,0.596,1,7.32,6
5,P01,Arjun,DEF,7.5,0.612,2,5.11,6
6,P01,Arjun,DEF,7.5,0.618,2,6.54,7
7,P01,Arjun,DEF,7.5,0.537,2,5.13,8
8,P01,Arjun,DEF,7.5,0.623,1,7.09,5
9,P01,Arjun,DEF,7.5,0.649,1,6.69,7
10,P01,Arjun,DEF,7.5,0.627,1,7.25,8
1,P02,Kabir,DEF,7.0,0.624,1,6.17,5
2,P02,Kabir,DEF,7.0,0.712,5,5.37,6
3,P02,Kabir,DEF,7.0,0.707,5,5.47,4
4,P02,Kabir,DEF,7.0,0.769,3,4.21,7
5,P02,Kabir,DEF,7.0,0.776,4,5.28,7
6,P02,Kabir,DEF,7.0,0.823,5,4.82,4
7,P02,Kabir,DEF,7.0,0.76,3,6.36,7
8,P02,Kabir,DEF,7.0,0.789,2,6.74,7
9,P02,Kabir,DEF,7.0,0.809,4,5.78,6
10,P02,Kabir,DEF,7.0,0.792,2,6.21,6
1,P03,Rohan,DEF,7.0,0.831,1,5.92,7
2,P03,Rohan,DEF,7.0,0.852,3,5.01,6
3,P03,Rohan,DEF,7.0,0.824,3,5.33,6
4,P03,Rohan,DEF,7.0,0.662,1,5.84,6
5,P03,Rohan,DEF,7.0,0.595,2,5.08,5
6,P03,Rohan,DEF,7.0,0.631,1,5.89,6
7,P03,Rohan,DEF,7.0,0.73,2,5.09,4
8,P03,Rohan,DEF,7.0,0.849,4,5.34,5
9,P03,Rohan,DEF,7.0,0.907,5,4.8,6
10,P03,Rohan,DEF,7.0,1.0,3,6.71,7
1,P04,Dev,DEF,9.0,0.615,3,6.74,8
2,P04,Dev,DEF,9.0,0.685,3,7.48,7
3,P04,Dev,DEF,9.0,0.627,1,7.45,7
4,P04,Dev,DEF,9.0,0.751,2,7.86,8
5,P04,Dev,DEF,9.0,0.684,2,7.79,8
6,P04,Dev,DEF,9.0,0.586,2,7.06,7
7,P04,Dev,DEF,9.0,0.591,3,6.94,6
8,P04,Dev,DEF,9.0,0.523,3,6.75,7
9,P04,Dev,DEF,9.0,0.543,4,6.25,6
10,P04,Dev,DEF,9.0,0.611,3,7.05,7
1,P05,Ayaan,MID,6.5,0.711,2,5.17,7
2,P05,Ayaan,MID,6.5,0.817,1,5.78,7
3,P05,Ayaan,MID,6.5,0.924,3,5.59,7
4,P05,Ayaan,MID,6.5,1.0,4,7.32,6
5,P05,Ayaan,MID,6.5,1.0,5,4.42,6
6,P05,Ayaan,MID,6.5,0.998,3,6.3,8
7,P05,Ayaan,MID,6.5,0.976,5,7.09,5
8,P05,Ayaan,MID,6.5,0.851,4,5.42,5
9,P05,Ayaan,MID,6.5,0.841,5,5.4,5
10,P05,Ayaan,MID,6.5,0.845,4,4.83,4
1,P06,Vihaan,MID,7.0,0.666,1,6.23,8
2,P06,Vihaan,MID,7.0,0.64,3,5.01,6
3,P06,Vihaan,MID,7.0,0.644,2,5.3,7
4,P06,Vihaan,MID,7.0,0.608,1,5.77,8
5,P06,Vihaan,MID,7.0,0.681,3,5.31,6
6,P06,Vihaan,MID,7.0,0.566,4,5.25,8
7,P06,Vihaan,MID,7.0,0.611,4,5.79,4
8,P06,Vihaan,MID,7.0,0.771,3,7.48,4
9,P06,Vihaan,MID,7.0,0.826,1,6.0,6
10,P06,Vihaan,MID,7.0,0.8,1,6.61,8
1,P07,Reyansh,MID,6.5,0.883,4,6.04,8
2,P07,Reyansh,MID,6.5,0.824,4,5.11,4
3,P07,Reyansh,MID,6.5,0.755,2,7.2,6
4,P07,Reyansh,MID,6.5,0.888,2,6.97,8
5,P07,Reyansh,MID,6.5,0.863,1,7.29,6
6,P07,Reyansh,MID,6.5,0.936,5,6.09,7
7,P07,Reyansh,MID,6.5,0.83,4,7.17,5
8,P07,Reyansh,MID,6.5,0.848,1,6.94,7
9,P07,Reyansh,MID,6.5,0.826,4,5.57,7
10,P07,Reyansh,MID,6.5,0.874,4,5.94,5
1,P08,Aditya,MID,8.0,0.683,2,7.26,6
2,P08,Aditya,MID,8.0,0.743,5,5.87,7
3,P08,Aditya,MID,8.0,0.771,4,6.37,4
4,P08,Aditya,MID,8.0,0.873,4,6.22,6
5,P08,Aditya,MID,8.0,0.909,1,8.27,8
6,P08,Aditya,MID,8.0,0.859,1,6.63,9
7,P08,Aditya,MID,8.0,0.769,3,7.05,6
8,P08,Aditya,MID,8.0,0.741,5,5.57,5
9,P08,Aditya,MID,8.0,0.734,5,4.88,4
10,P08,Aditya,MID,8.0,0.689,1,8.09,8
1,P09,Ishaan,FWD,8.0,0.663,5,5.36,6
2,P09,Ishaan,FWD,8.0,0.574,1,6.84,6
3,P09,Ishaan,FWD,8.0,0.548,1,9.28,8
4,P09,Ishaan,FWD,8.0,0.523,1,6.83,8
5,P09,Ishaan,FWD,8.0,0.532,4,5.94,7
6,P09,Ishaan,FWD,8.0,0.617,5,5.71,5
7,P09,Ishaan,FWD,8.0,0.502,5,5.41,6
8,P09,Ishaan,FWD,8.0,0.552,5,5.59,7
9,P09,Ishaan,FWD,8.0,0.623,1,7.72,7
10,P09,Ishaan,FWD,8.0,0.639,2,5.97,7
1,P10,Aryan,FWD,7.5,0.656,5,5.02,5
2,P10,Aryan,FWD,7.5,0.765,3,6.57,8
3,P10,Aryan,FWD,7.5,0.833,3,6.47,6
4,P10,Aryan,FWD,7.5,0.714,2,7.22,7
5,P10,Aryan,FWD,7.5,0.758,3,6.83,7
6,P10,Aryan,FWD,7.5,0.765,4,6.37,6
7,P10,Aryan,FWD,7.5,0.783,5,5.53,6
8,P10,Aryan,FWD,7.5,0.698,1,8.55,7
9,P10,Aryan,FWD,7.5,0.663,5,6.37,4
10,P10,Aryan,FWD,7.5,0.785,1,7.24,7
1,P11,Dhruv,FWD,7.5,0.364,4,4.6,3
2,P11,Dhruv,FWD,7.5,0.322,2,5.17,4
3,P11,Dhruv,FWD,7.5,0.296,1,4.98,5
4,P11,Dhruv,FWD,7.5,0.2,5,3.39,4
5,P11,Dhruv,FWD,7.5,0.2,2,6.52,4
6,P11,Dhruv,FWD,7.5,0.215,1,5.75,7
7,P11,Dhruv,FWD,7.5,0.2,3,5.81,5
8,P11,Dhruv,FWD,7.5,0.222,2,5.61,7
9,P11,Dhruv,FWD,7.5,0.248,5,4.24,5
10,P11,Dhruv,FWD,7.5,0.313,3,5.01,4
1,P12,Kunal,FWD,8.5,0.461,1,7.02,8
2,P12,Kunal,FWD,8.5,0.585,4,3.45,5
3,P12,Kunal,FWD,8.5,0.543,1,7.51,9
4,P12,Kunal,FWD,8.5,0.684,3,5.79,6
5,P12,Kunal,FWD,8.5,0.803,3,7.38,7
6,P12,Kunal,FWD,8.5,0.867,2,8.14,6
7,P12,Kunal,FWD,8.5,0.772,2,5.85,7
8,P12,Kunal,FWD,8.5,0.599,4,5.89,4
9,P12,Kunal,FWD,8.5,0.676,2,7.3,7
10,P12,Kunal,FWD,8.5,0.74,4,5.18,7
